id,First_Name,Last_Name,side,avg_bat_speed,swing_tilt,attack_angle,attack_direction,ideal_attack_angle_rate,avg_intercept_y_vs_plate,avg_intercept_y_vs_batter,avg_batter_y_position,avg_batter_x_position,competitive_swings
665833, Oneil,Cruz,L,78.78448445,33.44867323,9.17385835,-7.292548966,0.477941176,7.539536802,35.3677317,27.82819489,26.72313814,816
691406, Junior,Caminero,R,78.53776963,26.21102383,7.998660224,-5.322043651,0.593950504,7.691020536,35.92782053,28.23679999,28.63693533,1091
691023, Jordan,Walker,R,78.06925752,31.4153593,6.175581937,-5.324820443,0.476676385,6.269504103,30.06573997,23.79623587,31.75773004,686
666176, Jo,Adell,R,77.61388806,33.8299898,7.995368342,-5.874203569,0.495155039,0.06296638,26.14700721,26.08404083,28.0949886,1032
656941, Kyle,Schwarber,L,77.31624452,30.31374415,14.57328454,-5.794832329,0.643233743,12.35007892,33.4224702,21.07239127,25.29905976,1138
701762, Nick,Kurtz,L,77.21619827,39.08201892,14.22190063,1.817599942,0.480769231,1.321653858,24.75380355,23.43214969,27.74125382,728
592450, Aaron,Judge,R,76.9921978,38.42581868,14.07929036,-6.045215135,0.508374384,4.31641971,30.55469975,26.23828004,33.09666938,1015
665489, Vladimir,Guerrero Jr.,R,76.66446348,27.4000908,1.242051246,-4.421206515,0.306364617,6.576061365,34.41593865,27.83987728,28.98723299,927
670242, Matt,Wallner,L,76.56715704,28.22117164,12.50809011,-6.206166174,0.565656566,10.56900607,37.33370608,26.76470002,31.35599548,693
677594, Julio,Rodríguez,R,76.43733469,31.72489163,6.907679394,-1.444045942,0.46369637,11.95696993,32.28875414,20.33178421,29.70519577,1212
660670, Ronald,Acuña Jr.,R,76.41426866,38.71279583,11.87433522,6.162005269,0.509193777,-1.070137546,30.19999885,31.27013639,25.48062668,707
695578, James,Wood,L,76.04559778,39.68235698,11.10130859,1.919168204,0.418853256,1.708581556,32.67824399,30.96966243,30.13312259,1029
575929, Willson,Contreras,R,75.99322208,32.78148699,9.431176301,-1.768573933,0.47300216,5.327616525,27.94332223,22.61570571,30.31233876,926
680718, Addison,Barger,L,75.92802019,28.80956383,9.064356337,-4.995597267,0.50994152,-1.668247185,31.52878074,33.19702792,25.47178742,855
663586, Austin,Riley,R,75.88710309,32.17117294,10.83940765,-4.470596732,0.45625,6.746037709,35.58461162,28.83857391,28.1656708,800
660821, Jesús,Sánchez,L,75.85115849,27.8463447,7.114634655,-1.780151318,0.481840194,8.702681116,35.0289374,26.32625628,28.42052651,826
660271, Shohei,Ohtani,L,75.84886769,36.93526828,15.02821985,-2.008836709,0.532637076,-1.390236549,27.59519983,28.98543638,31.93179866,1149
673357, Luis,Robert Jr.,R,75.61304356,36.5180648,12.16720897,-5.173875268,0.539419087,-0.805152549,30.4836747,31.28882725,27.19569714,723
682985, Riley,Greene,L,75.60623192,44.61240497,13.87529823,1.234396977,0.435856574,2.154543379,32.03076309,29.87621971,24.65279712,1255
683002, Gunnar,Henderson,L,75.340721,29.02743471,8.476002763,1.006468976,0.509896324,6.750812129,33.41835339,26.66754126,25.81640532,1061
686948, Drake,Baldwin,L,75.30223199,31.68899223,9.352265242,3.150125453,0.480719794,2.146328564,28.71950172,26.57317316,28.21612681,778
624413, Pete,Alonso,R,75.25677897,33.82423462,10.12020728,1.06115995,0.598411297,3.86557435,28.26339092,24.39781657,27.14281371,1133
663728, Cal,Raleigh,R,75.24004443,34.31089764,17.86166745,-8.218157306,0.451638066,7.496257289,35.95156896,28.45531167,24.49227056,1282
682663, Agustín,Ramírez,R,75.23016891,25.1771252,7.312355851,-2.912382033,0.532275132,2.081142921,30.34310475,28.26196183,30.15480855,945
663624, Ryan,Mountcastle,R,75.20966347,36.01840611,7.36011123,-1.07981275,0.403762663,2.009855335,27.59432565,25.58447032,31.11629861,691
672356, Gabriel,Arias,R,75.07646303,29.07604523,9.727772887,1.203260471,0.536772777,5.266487707,34.41051826,29.14403056,35.60733785,911
621439, Byron,Buxton,R,75.03482925,34.03725896,14.11513205,-6.234144959,0.579229122,4.675556077,28.24010095,23.56454488,27.76455611,934
669065, Kyle,Stowers,L,75.00328463,33.87021868,11.61966649,0.313282329,0.523341523,1.886390119,31.49500449,29.60861437,29.31055679,814
656305, Matt,Chapman,R,74.95186142,25.35009259,5.599078882,-3.834480471,0.53276699,-0.941809092,27.44352837,28.38533746,29.81118849,824
683146, Brett,Baty,L,74.80152152,35.46719957,8.440326356,3.734583716,0.475592748,-3.381122833,26.65933238,30.04045521,30.26433795,717
680776, Jarren,Duran,L,74.78022388,26.55107318,5.566577667,0.181734935,0.444954128,3.164591736,31.71184314,28.5472514,30.50011775,1090
657757, Gavin,Sheets,L,74.77680224,27.54141141,8.395073988,-7.481557753,0.53930131,4.851930976,34.10503837,29.2531074,29.15615902,916
682998, Corbin,Carroll,L,74.65364065,25.73720295,10.98424928,-3.339929701,0.683918669,5.977992254,36.64063315,30.66264089,29.91106559,1082
669394, Jake,Burger,R,74.64652307,24.94584563,7.608357007,-4.090968618,0.533950617,7.866651625,31.55486216,23.68821054,31.76762146,648
606466, Ketel,Marte,R,74.61646095,32.02875953,10.14631908,-7.192869883,0.61492891,6.668725415,36.76531551,30.0965901,22.86616152,844
701358, Cam,Smith,R,74.49875067,38.09379114,7.510809831,-1.197033525,0.393220339,4.032137283,29.39408326,25.36194598,30.34672511,885
682829, Elly,De La Cruz,R,74.48511106,33.65165362,8.295005151,-0.262277287,0.494921514,8.006368407,36.9616301,28.95526169,29.94228077,1083
592518, Manny,Machado,R,74.47025804,26.49764267,7.586844829,-0.324624696,0.545991561,6.141757747,30.81049903,24.66874129,31.0866103,1185
671056, Iván,Herrera,R,74.39539768,32.00443776,8.704144445,-0.505041746,0.477951636,-0.36786737,31.50334434,31.87121171,27.45533955,703
696100, Hunter,Goodman,R,74.38020631,25.24405248,13.3941877,-7.250152351,0.610628019,10.0930334,38.77161917,28.67858577,29.52527604,1035
677951, Bobby,Witt Jr.,R,74.34403868,28.59803729,5.114763855,-0.27110925,0.472972973,0.339950663,27.79859195,27.45864129,25.22649204,1110
671739, Michael,Harris II,L,74.32473815,30.76058539,6.900836829,-0.979624149,0.504193849,-0.219648575,30.7867421,31.00639067,28.52695817,1073
547180, Bryce,Harper,L,74.18866411,35.54075434,11.5772649,-2.216268522,0.461761859,9.636738893,33.19569535,23.55895646,29.46007072,1033
572233, Christian,Walker,R,74.12195084,29.42055737,9.079080158,-4.633578087,0.513396716,2.836130716,31.44701049,28.61087978,26.29557562,1157
677800, Wilyer,Abreu,L,74.11335044,31.19321306,9.476993186,-1.249664653,0.575838926,1.540777063,31.36633582,29.82555875,26.5703408,745
691176, Jasson,Domínguez,R,74.0592588,31.35385636,6.473998413,-3.567943156,0.464239272,2.149164828,30.12858064,27.97941581,23.9987742,769
545361, Mike,Trout,R,74.04996824,36.37295356,7.588480559,0.159221483,0.448074679,-5.671978494,24.26959821,29.94157671,25.30001235,857
641857, Ryan,McMahon,L,74.02584223,38.84265958,13.10885171,0.856094929,0.474525475,2.759374274,26.76309083,24.00371655,32.03037079,1001
671218, Heliot,Ramos,R,74.00332796,31.50832674,5.956255254,1.543043651,0.472370766,2.639442902,27.57931271,24.93986981,27.63509214,1122
665487, Fernando,Tatis Jr.,R,73.96007815,29.75012656,8.279362027,0.774221617,0.563706564,3.60679272,29.86938323,26.26259051,28.96148896,1036
691016, Tyler,Soderstrom,L,73.95596174,30.55043789,9.565314599,1.228265909,0.501567398,-0.787487207,28.00254529,28.7900325,31.46359614,957
624424, Michael,Conforto,L,73.95593229,31.9950883,10.17908489,1.113829969,0.477844311,0.601605476,27.74512639,27.14352091,28.26722539,835
621566, Matt,Olson,L,73.94386164,33.87706731,8.729191744,1.138256574,0.482484076,1.348136617,32.50671444,31.15857782,30.52909491,1256
665862, Jazz,Chisholm Jr.,L,73.92721754,32.90719728,15.7949199,-6.033019939,0.56753689,1.403091109,31.6386086,30.23551749,25.82564737,881
694192, Jackson,Chourio,R,73.8791735,26.43930597,7.119695094,1.437849684,0.576612903,3.207122856,27.95177543,24.74465258,30.41543493,992
664040, Brandon,Lowe,L,73.85187303,33.48927052,14.81665334,-2.573597101,0.487203791,7.051700738,34.09797134,27.04627061,26.60943993,1055
669127, Shea,Langeliers,R,73.82115935,30.30782327,11.44836257,-3.116345935,0.614173228,6.498927366,33.66532601,27.16639864,29.67050987,889
621043, Carlos,Correa,R,73.8092634,33.07141103,7.671074761,-1.5385781,0.417475728,2.696593191,28.45567792,25.75908473,28.79055733,927
666160, Mickey,Moniak,L,73.76739557,33.63617804,11.57415897,-4.32961503,0.468085106,3.359453111,29.13159344,25.77214032,30.78387959,799
671732, Lawrence,Butler,L,73.75027444,30.46904037,6.822237636,1.706015212,0.44080847,2.933872474,28.82800804,25.89413557,31.23372779,1039
543807, George,Springer,R,73.73519785,35.15091201,13.17141748,-0.41747897,0.579978237,-4.655892967,22.32586404,26.98175701,27.17851121,919
668904, Royce,Lewis,R,73.64248631,28.91852643,10.81012886,-7.681515166,0.68374817,3.991358715,28.56211777,24.57075905,26.48980901,683
665742, Juan,Soto,L,73.59446737,28.12117107,10.94252453,3.827239122,0.658669575,-1.632876285,23.22241958,24.85529586,30.2514956,917
650490, Yandy,Díaz,R,73.57097744,24.39931512,2.92758314,7.047136773,0.353421859,0.561490284,29.90152617,29.34003589,28.66518292,979
667670, Brent,Rooker,R,73.55508346,36.2800058,12.26038415,-6.12801391,0.451555556,1.42147197,32.80560421,31.38413224,27.21643436,1125
664056, Harrison,Bader,R,73.52706945,25.41203527,12.01883368,-5.380915696,0.500598802,6.406666493,33.55214583,27.14547934,27.17619643,835
595879, Javier,Báez,R,73.51512607,30.2741052,9.996602699,-5.612846546,0.505420054,10.1851863,29.78321962,19.59803332,28.71486798,738
669224, Austin,Wells,L,73.44440926,31.82567646,10.50298141,-5.686026339,0.499378882,-0.222812302,30.54948372,30.77229602,23.64368209,805
663457, Lars,Nootbaar,L,73.43641129,27.95750425,9.206797627,-3.124601104,0.553903346,5.624267363,34.74541616,29.1211488,27.86152184,807
676572, Eric,Wagaman,R,73.41830755,27.90304931,6.875492996,-2.716845741,0.493573265,7.225099787,32.33022814,25.10512835,28.13747382,778
700250, Ben,Rice,L,73.40694141,33.2259289,10.63320939,-5.956327311,0.567948718,-2.376121701,28.47187128,30.84799298,28.50480559,780
502054, Tommy,Pham,R,73.40001686,27.39741404,8.209091818,-0.908076647,0.51863354,1.240696691,32.67087282,31.43017613,28.45818031,644
673548, Seiya,Suzuki,R,73.37576204,31.08955077,8.095177141,-3.130562912,0.504559271,6.506246093,34.52187172,28.01562562,27.83118435,987
592885, Christian,Yelich,L,73.37150225,36.26571203,9.722014848,6.977573396,0.44402277,-1.022789401,26.73261235,27.75540175,29.91234711,1054
661388, William,Contreras,R,73.2443788,29.2333563,10.61564033,3.34526984,0.656844106,1.668111478,30.20897454,28.54086306,27.95898783,1052
687597, Jordan,Beck,R,73.1999905,32.73800851,10.7119806,-3.311356678,0.518046709,9.977144147,27.62860031,17.65145616,29.47327953,942
694671, Wyatt,Langford,R,73.14424668,33.72230574,16.75742423,-3.109385624,0.485555556,3.171155711,32.0158309,28.84467519,27.37205288,900
605137, Josh,Bell,R,73.08184625,33.65046242,10.0538612,-2.923713469,0.580427447,-1.943695792,27.56880929,29.51250508,28.38834033,889
679529, Spencer,Torkelson,R,73.04756801,38.00504908,13.53655005,-8.030219878,0.5,-2.261009824,30.68304822,32.94405804,27.97822734,1048
606192, Teoscar,Hernández,R,72.94308192,31.9091978,10.35916322,-0.112514735,0.544397463,-0.267943138,30.4650911,30.73303424,29.88769333,946
521692, Salvador,Perez,R,72.93926938,34.18492283,12.44539596,-5.37918823,0.563098346,0.849741687,30.42103214,29.57129045,27.29221372,1149
542303, Marcell,Ozuna,R,72.88361927,36.84753413,13.94354352,-0.914706192,0.529801325,-2.010659776,32.40440093,34.4150607,26.10164153,906
691718, Pete,Crow-Armstrong,L,72.73628325,34.886262,14.56662245,-3.544730268,0.500408831,5.938052701,36.18669356,30.24864086,26.61815481,1223
666134, Nolan,Jones,L,72.72475054,35.4376675,8.90364776,-0.144890684,0.452173913,5.623275903,32.70723829,27.08396238,27.32772431,690
669911, Michael,Toglia,R,72.72457542,35.82993865,14.75890992,-2.522180379,0.442735043,2.620517281,28.31071536,25.69019808,30.37734185,585
669357, Nolan,Gorman,L,72.70592469,34.06137427,14.79142571,-1.846912303,0.505094614,1.936335104,33.08932336,31.15298825,30.39801354,687
686555, Isaac,Collins,R,72.67321325,28.8256149,4.045386941,-2.180495793,0.371888726,2.065114045,32.15985443,30.09474038,30.0268978,683
663993, Nathaniel,Lowe,L,72.66713218,30.09981577,6.648610389,7.892208672,0.472463768,1.114349938,27.40149592,26.28714598,29.97673582,1035
502671, Paul,Goldschmidt,R,72.62916819,31.90015447,9.698807219,2.396594863,0.514444444,-4.873716213,21.01906494,25.89278115,34.047928,900
683011, Anthony,Volpe,R,72.59852911,31.53768823,10.97581386,5.622911047,0.648925281,-3.653733368,25.01435277,28.66808614,29.20160708,977
686780, Pedro,Pagés,R,72.59340575,30.44145263,7.056014699,-2.969494783,0.410818713,8.875692922,36.01982928,27.14413636,28.85287376,684
672820, Lenyn,Sosa,R,72.57412715,32.58921492,10.47533945,0.483310306,0.553648069,2.36326386,32.7206063,30.35734244,27.51841971,932
681624, Andy,Pages,R,72.5706936,40.56688522,7.812762963,-3.996083076,0.482944345,-0.290250953,31.28168445,31.5719354,29.81032383,1114
608369, Corey,Seager,L,72.55232227,34.23478553,12.84771521,3.50733138,0.547195622,5.500544964,31.989742,26.48919703,29.05421121,731
672386, Alejandro,Kirk,R,72.53701273,23.94964627,7.883119707,4.502895895,0.558056872,8.420585143,30.06275247,21.64216732,31.5445325,844
686469, Vinnie,Pasquantino,L,72.52560711,29.37465402,9.750472174,-9.212378976,0.555453712,3.471370772,32.09008888,28.61871811,31.15024992,1091
666139, Josh,Lowe,L,72.43918344,35.86332566,7.145928862,-0.389619635,0.456,4.690908304,29.19879065,24.50788235,30.8742625,875
671277, Luis,García Jr.,L,72.4022391,28.56080732,10.72377595,-2.561694331,0.624145786,5.230440301,33.38823141,28.15779111,28.67895964,878
682928, CJ,Abrams,L,72.40084137,27.25102661,10.86188873,-3.792752829,0.589545015,3.860022162,31.6952448,27.83522264,30.03325299,1033
687401, Joey,Ortiz,R,72.40083144,27.84652237,1.71072846,-1.759698236,0.333333333,-2.855429483,29.09177902,31.9472085,28.20836336,759
666310, Bo,Naylor,L,72.37169189,31.94583168,13.64328269,-8.303494911,0.530496454,8.002514067,35.20481568,27.20230161,31.18544436,705
676475, Alec,Burleson,L,72.36416672,31.78776808,10.04157566,0.342491766,0.575178998,-2.400123646,31.58274288,33.98286653,23.41377616,838
668227, Randy,Arozarena,R,72.32669403,25.2905054,8.65848478,0.4415349,0.620531622,8.657268445,31.2359333,22.57866486,24.21268542,1091
665161, Jeremy,Peña,R,72.31732454,30.41666098,10.89110194,-8.173094044,0.627620222,1.84533796,32.0289689,30.18363094,26.22758012,811
665966, Carlos,Narváez,R,72.28327999,30.01996934,9.159772064,2.449845907,0.541457286,5.60429861,30.64319874,25.03890013,29.2028564,796
553993, Eugenio,Suárez,R,72.26910211,38.71774087,18.49389957,-5.509178858,0.444347826,17.35741163,35.65544708,18.29803545,23.07972822,1150
607043, Brandon,Nimmo,L,72.25357402,29.06236463,6.649521944,2.109059,0.478793591,-1.379076221,26.8833889,28.26246512,31.48681166,1061
593428, Xander,Bogaerts,R,72.21679599,30.99022219,10.18582356,-6.931029323,0.524966262,15.0511564,34.75441618,19.70325978,29.09519807,741
668804, Bryan,Reynolds,R,72.21078333,37.8884317,13.03312804,1.057584764,0.47027972,0.658525497,28.29929256,27.64076707,27.25580308,1144
673237, Yainer,Diaz,R,72.19203488,28.28263113,10.41028997,0.967555014,0.592441267,3.335639487,32.4106921,29.07505261,28.29610692,979
665019, Kody,Clemens,L,72.19042099,26.97862504,12.30001923,-2.920712084,0.660550459,1.449167187,33.42720511,31.97803792,27.58092463,654
657656, Ramón,Laureano,R,72.18622728,35.1444661,15.56552417,1.018006651,0.473429952,2.372425134,32.77807042,30.40564528,31.59187709,828
663616, Trevor,Larnach,L,72.18062019,34.09413402,8.326909229,-10.58520883,0.410942957,5.65747924,34.2545699,28.59709066,27.23686973,859
666969, Adolis,García,R,72.12869724,28.02285485,8.774846235,-0.461006831,0.624750499,2.263169388,31.31271086,29.04954147,25.17334289,1002
642715, Willy,Adames,R,72.05416427,35.29393189,18.44934072,-3.908572236,0.502604167,2.446789762,31.55291122,29.10612146,28.93962035,1152
663656, Kyle,Tucker,L,72.04530016,33.89918365,11.65368012,-8.090494093,0.495145631,0.513785827,28.36948138,27.85569555,30.2002519,927
592663, J.T.,Realmuto,R,72.03594733,34.22662489,12.42655375,1.017708162,0.52828175,-2.909204819,28.55238753,31.46159235,27.45333942,937
663697, Jonathan,India,R,71.98661654,28.21615321,9.076240353,-4.615338002,0.61278649,1.969112811,30.67521163,28.70609882,27.94767371,829
701538, Jackson,Merrill,L,71.97284618,37.46784153,9.75452081,1.135293761,0.477751756,2.815747973,27.42838553,24.61263755,28.72299516,854
681351, Logan,O'Hoppe,R,71.96937115,32.91201494,15.70636861,-3.660447637,0.52244389,6.059931447,33.60420181,27.54427036,28.6481803,802
672580, Maikel,Garcia,R,71.90845511,27.11743862,4.538622151,0.511616839,0.441573034,3.423060496,33.93051821,30.50745772,25.94260614,890
669720, Austin,Hays,R,71.90686323,30.79035647,14.22163917,-5.619907151,0.659217877,23.23443699,35.78125061,12.54681362,28.60075524,716
681481, Kerry,Carpenter,L,71.89924566,34.84246019,17.04806897,-0.420204409,0.48783455,-6.658683298,25.74015737,32.39884067,29.10788526,822
656811, Ryan,O'Hearn,L,71.77320951,33.44222046,11.21617872,1.688351541,0.433443344,0.269482161,26.32118795,26.05170579,29.25773347,909
664761, Alec,Bohm,R,71.71052186,29.74056647,5.404622695,4.471256322,0.47012987,0.905534688,26.61197082,25.70643614,29.67344054,770
672640, Otto,Lopez,R,71.69750316,29.93363168,7.3984731,-2.308307724,0.485125858,1.173893723,30.47917588,29.30528215,28.51782078,874
693307, Dillon,Dingler,R,71.69090627,39.77526113,10.78756104,-0.32629652,0.494178525,2.15563063,27.77805584,25.62242521,28.35203662,773
664023, Ian,Happ,R,71.66883966,32.73127076,10.28777067,-5.531630683,0.464491363,2.800738925,33.99404178,31.19330286,26.70080565,1042
678662, Ezequiel,Tovar,R,71.62644932,36.09662077,10.94271508,0.60985243,0.521963824,0.786184262,29.12027434,28.33409008,23.86854752,774
650489, Willi,Castro,R,71.61266944,37.27368886,7.682911687,-3.525696202,0.437267081,-1.785725918,30.10748339,31.89320931,24.18610011,805
646240, Rafael,Devers,L,71.57628415,29.89234433,9.961941565,4.520520582,0.594847775,6.071219471,28.54608447,22.474865,25.92262104,1281
672275, Patrick,Bailey,R,71.5640015,32.94039508,8.54007502,-3.539099021,0.455153949,2.840477304,30.36043433,27.51995703,28.71137408,747
571448, Nolan,Arenado,R,71.4306229,33.19934766,10.54274955,-9.010603505,0.564841499,2.953002212,34.92106248,31.96806026,29.30931834,694
687263, Zach,Neto,R,71.40877652,39.04102481,18.05954565,-5.656547601,0.482162162,17.91012104,36.30643605,18.39631502,21.57411449,925
669016, Brandon,Marsh,L,71.37762706,38.50735569,9.410080358,-0.36158098,0.409883721,-0.34243229,27.49136539,27.83379768,29.38038348,688
671289, Tyler,Freeman,R,71.31927547,35.57226156,2.894733932,0.529931326,0.32659409,-0.91056051,29.57179063,30.48235114,28.38926393,643
596146, Max,Kepler,L,71.31704155,31.78579155,7.785160667,-6.995784039,0.445721584,0.112137395,32.52021179,32.4080744,30.11363328,783
467793, Carlos,Santana,R,71.28159982,26.70380217,12.8299168,-5.603004163,0.645454545,6.749869051,34.06614856,27.3162795,26.95371002,770
668901, Mark,Vientos,R,71.24039673,31.8714031,14.5707027,1.194523127,0.619949495,1.514992101,28.13166792,26.61667582,28.76628442,792
677950, Alek,Thomas,L,71.1887487,27.62032464,9.964327438,0.226540899,0.601572739,12.9504509,33.45988737,20.50943647,26.98160687,763
607208, Trea,Turner,R,71.18682651,27.87888991,8.092034003,-2.921390377,0.599811676,0.45700443,29.33639893,28.8793945,28.78870167,1062
663647, Ke'Bryan,Hayes,R,71.18660819,26.46168156,4.296830154,1.47423546,0.433574879,1.572191754,34.52246094,32.95026919,25.85092739,828
571970, Max,Muncy,L,71.17413185,34.68513819,17.90252469,-4.776092554,0.48989899,10.6966414,37.66388471,26.96724331,28.25862549,594
593871, Jorge,Polanco,R,71.17381346,30.4816972,9.457860587,-10.55771239,0.56625,6.649694118,32.19046233,25.54076821,27.86945075,800
573262, Mike,Yastrzemski,L,71.15420065,30.42354661,10.93998431,-2.680181696,0.66943128,1.234942865,30.28228424,29.04734138,24.68224567,844
656775, Cedric,Mullins,L,71.11798569,29.18198824,11.3056314,-6.032817661,0.627020785,-3.116323986,28.64935154,31.76567553,24.14733813,866
457705, Andrew,McCutchen,R,71.11318717,34.46693537,14.53691325,-0.781214705,0.531746032,-4.911471866,24.89737173,29.80884359,28.98147766,882
691026, Masyn,Winn,R,71.10133658,29.10242546,5.548808916,-3.860938333,0.436588103,0.438370007,34.01385814,33.57548813,23.06399959,891
596115, Trevor,Story,R,71.08804083,29.41533898,10.54071341,-4.526314112,0.461604096,9.659274011,35.36004416,25.70077014,29.9125831,1172
641487, J.P.,Crawford,L,71.05003906,36.03808139,4.710313479,1.656915545,0.367729831,1.685909544,36.60849636,34.92258681,27.63642754,1066
663757, Trent,Grisham,L,71.01878734,30.89340406,16.66175429,1.794601179,0.577833126,-9.213773167,24.09441837,33.30819154,31.00672799,803
678882, Ceddanne,Rafaela,R,71.01795746,32.62884593,11.56967734,-1.493574517,0.571557971,3.029103852,33.51967177,30.49056792,26.7826014,1104
664034, Ty,France,R,71.01060266,34.7987641,10.66843827,5.234239909,0.47251462,-0.833311454,27.52152168,28.35483313,26.48326836,855
608324, Alex,Bregman,R,71.00132485,28.08988046,13.51770026,-5.09391698,0.658263305,3.144640782,31.80536623,28.66072545,24.77729024,714
596019, Francisco,Lindor,R,70.95748734,33.83563854,11.1119482,-1.573918459,0.511016949,2.244116478,29.3206197,27.07650323,26.00647045,1180
647304, Josh,Naylor,L,70.9511858,31.35705687,7.507167481,-8.312040596,0.44047619,-0.097913603,25.30494899,25.40286259,26.58322079,924
608070, José,Ramírez,R,70.94791435,29.80891955,8.865304032,-9.413254329,0.60701107,2.36170156,32.58157134,30.21986978,22.68836197,1084
630105, Jake,Cronenworth,L,70.93840116,31.14748916,7.444196645,-0.687854847,0.36454432,-2.800004566,30.60777531,33.40777987,28.3035643,801
682177, Daniel,Schneemann,L,70.92493346,34.89617062,14.00822938,3.145475538,0.503030303,4.784986687,33.80604586,29.02105917,26.09471194,660
621020, Dansby,Swanson,R,70.90717034,34.57221344,15.6398325,-1.514734947,0.594331267,1.923812047,32.38631745,30.4625054,27.56386377,1129
668715, Spencer,Steer,R,70.87228321,28.33743652,12.41755111,-4.098947452,0.580284553,3.6866853,32.72744486,29.04075956,25.6260313,984
686668, Brenton,Doyle,R,70.75345734,30.28802854,11.52147351,0.591269283,0.646171694,1.95865286,26.03760527,24.07895241,29.09176966,862
690993, Colt,Keith,L,70.74611118,32.89812963,11.77919917,-2.534935187,0.487704918,8.701621874,31.49371198,22.79209011,28.70833008,732
643446, Jeff,McNeil,L,70.74508682,33.0602604,8.649865726,-4.931221732,0.472887768,-0.91559524,29.94345217,30.85904741,24.8404827,793
683734, Andrew,Vaughn,R,70.65558916,29.41289801,7.798940845,-1.791697401,0.483193277,-2.145904904,29.49582177,31.64172667,29.09587128,714
668930, Brice,Turang,L,70.6432094,31.16560671,6.938807478,8.235245341,0.450980392,1.24988115,31.84740539,30.59752424,26.8130798,1071
678246, Miguel,Vargas,R,70.63168801,35.43110074,11.90397769,-2.986604201,0.645744681,4.724753688,35.31319811,30.58844442,28.06749565,940
702616, Jackson,Holliday,L,70.61835155,31.89087697,8.285817424,5.560444808,0.52811245,0.314980757,26.17659636,25.8616156,27.56419966,996
700932, Kyle,Manzardo,L,70.59499877,37.01946565,17.33371255,-0.614712235,0.521637427,10.91046325,33.63158984,22.72112659,31.39988934,855
666971, Lourdes,Gurriel Jr.,R,70.59314567,36.8827199,10.50006096,-6.021500914,0.504875406,2.337980603,31.10328687,28.76530627,26.06059987,923
672761, Wenceel,Pérez,R,70.54541386,29.72622889,7.981501278,-4.040022305,0.518628912,2.968964116,28.27614718,25.30718306,24.19560973,671
693304, Nick,Gonzales,R,70.5178977,33.15389217,8.919790669,-0.076347253,0.535251799,-1.910534194,29.95812552,31.86865971,26.94687052,695
592206, Nick,Castellanos,R,70.51756782,39.95516858,15.06073265,-4.521300154,0.470115968,0.984285307,30.78591309,29.80162778,29.0361166,1121
666018, Jonathan,Aranda,L,70.47447627,35.56934963,10.2102042,3.64141875,0.561643836,0.090354485,27.32246717,27.23211268,29.27360669,730
608348, Carson,Kelly,R,70.4320224,33.11038676,11.6572343,-3.970765669,0.528528529,1.018226694,30.9414263,29.92319961,29.57636067,666
673962, Josh,Jung,R,70.2837411,37.65474961,11.45590075,2.594268488,0.527586207,9.578495505,32.14941756,22.57092206,25.01283918,870
682657, Angel,Martínez,R,70.19062851,33.78166694,12.4054214,-6.972953798,0.5599022,6.796663426,37.44355005,30.64688662,24.44584218,818
650402, Gleyber,Torres,R,70.18973452,34.10090855,9.28286545,4.207973598,0.564345992,-2.194490759,30.34036559,32.53485635,26.39517892,948
669242, Tommy,Edman,R,70.18383011,26.59135594,9.881294221,-1.4176184,0.597173145,1.22360007,29.68802061,28.46442054,27.2912906,566
641355, Cody,Bellinger,L,70.11089762,32.36055081,12.86229496,-3.134547261,0.593220339,-2.634230319,30.08291898,32.7171493,21.03212305,1121
677587, Brayan,Rocchio,R,69.99753707,28.95862278,10.95494923,-5.875116869,0.508064516,8.390417597,34.25705149,25.8666339,23.86496358,620
670770, TJ,Friedl,L,69.8774269,28.29631038,9.359718645,-7.846269279,0.595744681,8.087572908,40.37208064,32.28450773,24.36089637,893
518692, Freddie,Freeman,L,69.86002344,43.08154455,10.6984677,0.954790168,0.46359447,-2.154536515,26.99304824,29.14758475,30.38346841,1085
669257, Will,Smith,R,69.79143886,34.00084355,11.75657493,0.831432015,0.625,-1.656458663,31.262134,32.91859266,28.985881,648
514888, Jose,Altuve,R,69.71363618,28.7747276,15.31112359,-5.654659449,0.553367876,17.26780965,30.10309381,12.83528416,30.14000054,965
680574, Matt,McLain,R,69.69367636,32.07637023,11.45089152,-0.055471777,0.565415245,4.059644051,32.15392065,28.0942766,27.05641732,879
683737, Michael,Busch,L,69.63458246,36.75804143,16.32324206,-1.080775669,0.503719447,1.541950106,32.51814167,30.97619156,26.49151112,941
807713, Matt,Shaw,R,69.57941041,26.76557643,11.04038412,-1.884670073,0.654061625,1.891963763,31.58981952,29.69785576,28.24319258,714
666158, Gavin,Lux,L,69.56983248,33.28624094,11.28141718,2.469164937,0.453727506,-1.167864082,32.09938079,33.26724487,26.49406128,778
666023, Freddy,Fermin,R,69.56585261,34.52063359,8.870973701,-0.685121385,0.495192308,-0.344391213,28.7421216,29.08651282,27.6032039,624
650859, Luis,Rengifo,R,69.53773297,33.6389316,7.210719586,3.754728438,0.488372093,7.959750312,26.52133398,18.56158367,26.31098374,903
686797, Brooks,Lee,R,69.50977342,30.90711319,11.295915,-4.626932741,0.576968273,3.361768812,30.06197201,26.7002032,27.91216169,851
621493, Taylor,Ward,R,69.470514,32.1186544,9.095254073,-2.890134945,0.55505618,1.798582315,33.4579038,31.65932148,25.71715223,890
681082, Bryson,Stott,L,69.35287983,32.77836982,7.48939281,2.068233511,0.514220705,1.595938465,28.21599712,26.62005866,23.70963599,879
680977, Brendan,Donovan,L,69.32450209,30.352905,7.866915631,1.834474026,0.491758242,-1.519993744,24.88597303,26.40596677,28.48488811,728
665926, Andrés,Giménez,L,69.312295,31.37399457,8.274796184,3.006510602,0.486111111,2.226029949,29.18719224,26.96116229,29.34234566,648
666182, Bo,Bichette,R,69.12050951,37.50038034,4.485339851,1.300078487,0.339440694,-2.823369932,24.54298055,27.36635048,25.09931776,1037
643565, Mike,Tauchman,L,69.07824733,34.20714409,8.527618639,1.117284828,0.480916031,-2.983638416,30.43203577,33.41567419,29.63014101,655
669701, Josh,Smith,L,69.06226297,36.51512259,8.598320877,-1.852217818,0.431263858,-0.989201834,30.77507415,31.76427598,27.10464689,902
687363, Victor,Scott II,L,69.02627134,32.20404943,9.736919134,-1.826587852,0.535384615,8.319320099,31.76883509,23.449515,24.08296597,650
605141, Mookie,Betts,R,69.02411148,34.61544869,9.237669378,-5.473605788,0.556976744,7.496571936,33.19730262,25.70073069,28.64289832,860
645277, Ozzie,Albies,R,68.98351871,34.90525686,12.74238879,-5.341935999,0.585191793,2.267177398,36.86643465,34.59925726,21.59429223,1121
670623, Isaac,Paredes,R,68.96311105,32.50543157,15.56574076,-15.42076682,0.556067588,6.95655468,37.82379266,30.86723798,25.83486971,651
641680, Jonah,Heim,R,68.95555845,28.60655307,10.97498234,0.422481508,0.592442645,-0.888699001,28.25335993,29.14205893,30.8757723,741
643217, Andrew,Benintendi,L,68.74635564,32.48316023,15.86782445,-5.117332575,0.546526868,4.366788824,35.24690834,30.88011952,22.4123874,763
687462, Spencer,Horwitz,L,68.48865394,35.87569305,9.928940977,-1.829084591,0.449039882,0.601947602,30.02826886,29.42632126,25.22851119,677
663538, Nico,Hoerner,R,68.45606688,33.28900696,5.855768581,-1.900401106,0.478744939,-2.63036126,27.12467494,29.7550362,27.56343419,988
543760, Marcus,Semien,R,68.43482728,34.77435718,15.77436983,-3.855597991,0.566473988,2.48685513,30.49300613,28.006151,23.99078965,865
808982, Jung Hoo,Lee,L,68.34337596,39.44108903,5.210714843,-4.622118774,0.407244786,3.526405889,30.20919067,26.68278478,21.11696376,911
672695, Geraldo,Perdomo,R,68.25662142,35.39138391,7.430213965,-1.816098388,0.498525074,6.63549923,25.28366909,18.64816986,25.55130624,1017
686217, Sal,Frelick,L,68.18970698,28.14274033,8.600187171,-1.797514968,0.519450801,-3.132216031,27.78817518,30.92039121,27.36660916,874
664770, Nathan,Lukes,L,68.02130181,31.69203105,7.409234972,8.031312083,0.436681223,-0.582990912,26.24492024,26.82791115,30.67172871,687
702332, Caleb,Durbin,R,67.91519361,27.55871179,8.058809916,-3.975629599,0.638054363,-4.525200741,27.83921894,32.36441968,27.16432263,699
676391, Ernie,Clement,R,67.60672793,32.22439195,11.57783154,-3.095579177,0.593240093,8.516740652,31.13934821,22.62260755,28.26591943,858
656716, Zach,McKinstry,L,67.5402939,37.42732006,9.895872879,1.359361406,0.431279621,-0.071971935,27.29312133,27.36509327,26.45161207,844
694384, Nolan,Schanuel,L,67.5293404,38.49627878,8.633209221,-1.006502427,0.461063041,0.745791457,30.75024796,30.0044565,23.25288273,809
700337, Edgar,Quero,R,67.49907194,31.51480667,6.018052615,9.498417722,0.521604938,-9.057118057,25.12675144,34.18386949,29.61591174,648
805367, Chase,Meidroth,R,67.43446123,29.37980862,6.673114838,2.072338552,0.48699422,-2.446223399,29.14643694,31.59266034,28.23152244,692
663968, Jake,Mangum,R,67.30838719,29.25321327,2.2759594,11.53800141,0.310435931,-5.443635106,21.02390302,26.46753812,28.5233907,757
669364, Xavier,Edwards,R,66.87790447,31.12139093,2.684583817,2.437286242,0.341991342,8.810051659,28.51019274,19.70014108,24.39553448,924
643396, Isiah,Kiner-Falefa,R,66.56683787,32.48309056,4.420099265,3.664318211,0.375182482,-0.693690995,28.84320109,29.53689208,27.79607657,685
624428, Adam,Frazier,L,65.88624847,39.18012178,11.39209825,3.022401934,0.456118665,2.923323482,24.04243141,21.11910793,22.08754675,809
527038, Wilmer,Flores,R,65.5298878,32.14250262,11.22719554,-6.604416838,0.498054475,3.697373347,31.38298674,27.68561339,25.25729447,771
805779, Jacob,Wilson,R,63.85242524,35.15882154,2.847177896,-1.072479335,0.363509749,2.039003508,30.58805123,28.54904772,25.66990301,718
680757, Steven,Kwan,L,63.68114734,35.61840002,3.242778316,-2.507621282,0.353249476,6.951044911,29.79413493,22.84309002,22.66692478,954
650333, Luis,Arraez,L,62.64873532,37.43745146,5.616089662,4.621656466,0.402764067,-2.828035668,31.48458971,34.31262537,26.01993615,1013
