id,first_name,last_name,swings_competitive,percent_swings_competitive,contact,avg_bat_speed,hard_swing_rate,squared_up_per_bat_contact,squared_up_per_swing,blast_per_bat_contact,blast_per_swing,swing_length,swords,batter_run_value,batted_ball_events,batted_ball_event_per_swing
691406, Junior,Caminero,555,0.912828947,439,79.94816908,0.882882883,0.312072893,0.246846847,0.257403189,0.203603604,8.634594396,5,8.344823252,244,0.43963964
691023, Jordan,Walker,610,0.902366864,440,79.12943426,0.857377049,0.297727273,0.214754098,0.227272727,0.163934426,8.286804738,15,11.18033379,228,0.373770492
665833, Oneil,Cruz,447,0.9048583,281,78.46190175,0.780760626,0.341637011,0.214765101,0.245551601,0.154362416,7.622225302,7,0.13555473,137,0.306487696
701762, Nick,Kurtz,605,0.905688623,396,78.29432802,0.816528926,0.275252525,0.180165289,0.227272727,0.148760331,7.762318132,16,-3.09585894,170,0.280991736
701358, Cam,Smith,587,0.903076923,426,77.28942661,0.752981261,0.272300469,0.197614991,0.176056338,0.127768313,7.688628262,8,-16.6266863,212,0.361158433
669003, Garrett,Mitchell,432,0.905660377,277,77.26928035,0.768518519,0.306859206,0.196759259,0.227436823,0.145833333,7.240055972,13,-6.204031543,138,0.319444444
666176, Jo,Adell,711,0.90343075,547,77.23219319,0.701828411,0.23583181,0.181434599,0.149908592,0.11533052,7.740112236,20,-16.70320239,248,0.348804501
695506, Jac,Caglianone,565,0.902555911,400,77.23166637,0.745132743,0.3025,0.214159292,0.2325,0.16460177,7.904266248,10,-4.109488797,186,0.32920354
656941, Kyle,Schwarber,648,0.901251739,449,77.09793213,0.757716049,0.244988864,0.169753086,0.175946548,0.12191358,7.484181528,31,7.633878021,180,0.277777778
575929, Willson,Contreras,601,0.902402402,434,76.86095569,0.700499168,0.262672811,0.18968386,0.170506912,0.12312812,7.892131681,19,14.44286696,215,0.357737105
641343, Jake,Bauers,466,0.906614786,353,76.73413264,0.701716738,0.348441926,0.263948498,0.21529745,0.163090129,7.662130966,17,-0.818418218,184,0.394849785
695578, James,Wood,613,0.900146843,441,76.64915034,0.66721044,0.333333333,0.239804241,0.235827664,0.169657423,7.400368206,33,-0.543266608,213,0.347471452
677594, Julio,Rodríguez,654,0.905817175,484,76.54437607,0.660550459,0.276859504,0.204892966,0.183884298,0.136085627,7.799634526,10,-9.67530092,241,0.368501529
695657, Colson,Montgomery,625,0.901875902,406,76.25680779,0.664,0.243842365,0.1584,0.167487685,0.1088,7.883760592,22,-6.55016505,191,0.3056
665489, Vladimir,Guerrero Jr.,553,0.906557377,451,76.18672501,0.629294756,0.310421286,0.253164557,0.199556541,0.162748644,7.554610958,7,-21.03072275,259,0.46835443
656305, Matt,Chapman,550,0.909090909,425,76.1503758,0.612727273,0.216470588,0.167272727,0.129411765,0.1,7.370998182,11,-14.53590067,199,0.361818182
592450, Aaron,Judge,420,0.905172414,292,76.1009676,0.645238095,0.315068493,0.219047619,0.205479452,0.142857143,8.110713952,12,5.010564006,132,0.314285714
670541, Yordan,Alvarez,606,0.918181818,493,76.07910058,0.600660066,0.314401623,0.255775578,0.221095335,0.179867987,7.612302343,5,9.860321184,246,0.405940594
660670, Ronald,Acuña Jr.,385,0.89953271,286,76.00591351,0.623376623,0.286713287,0.212987013,0.171328671,0.127272727,7.639172104,16,-11.42780096,139,0.361038961
663586, Austin,Riley,621,0.905247813,430,75.69914113,0.578099839,0.286046512,0.198067633,0.155813953,0.107890499,7.565549098,16,-26.03810903,201,0.323671498
665487, Fernando,Tatis Jr.,569,0.900316456,424,75.69551837,0.618629174,0.360849057,0.268892794,0.238207547,0.177504394,7.302524236,21,-8.763312373,251,0.44112478
804606, Konnor,Griffin,435,0.902489627,308,75.64515913,0.574712644,0.253246753,0.179310345,0.146103896,0.103448276,7.69317246,10,-7.596679888,150,0.344827586
682985, Riley,Greene,633,0.906876791,450,75.62283084,0.579778831,0.293333333,0.208530806,0.182222222,0.129541864,7.263981706,11,-3.837293163,206,0.325434439
691723, Coby,Mayo,374,0.903381643,259,75.58827439,0.569518717,0.277992278,0.192513369,0.158301158,0.109625668,7.434293102,6,-13.03517087,111,0.296791444
682998, Corbin,Carroll,576,0.905660377,425,75.57104866,0.602430556,0.324705882,0.239583333,0.171764706,0.126736111,7.480210538,3,-2.01333153,224,0.388888889
696100, Hunter,Goodman,611,0.910581222,408,75.32173116,0.541734861,0.269607843,0.180032733,0.161764706,0.10801964,7.407096432,10,-2.762993707,179,0.292962357
669127, Shea,Langeliers,553,0.912541254,400,75.29798647,0.535262206,0.33,0.238698011,0.1775,0.128390597,7.244094177,2,-5.061665623,213,0.38517179
669394, Jake,Burger,578,0.903125,396,75.25884803,0.565743945,0.333333333,0.228373702,0.196969697,0.134948097,7.474270744,21,-6.113252777,215,0.371972318
680776, Jarren,Duran,572,0.900787402,387,75.24750923,0.515734266,0.276485788,0.187062937,0.170542636,0.115384615,7.62587257,16,-23.06854919,202,0.353146853
670042, Luke,Raley,446,0.906504065,272,75.18011525,0.551569507,0.297794118,0.18161435,0.1875,0.114349776,7.303154081,8,-9.980263235,132,0.295964126
808959, Munetaka,Murakami,401,0.901123596,241,75.17339257,0.546134663,0.336099585,0.201995012,0.232365145,0.139650873,7.904293392,12,-2.709499448,111,0.27680798
545361, Mike,Trout,482,0.904315197,387,75.08454917,0.524896266,0.286821705,0.230290456,0.183462532,0.147302905,7.521379959,12,-3.696804934,172,0.356846473
621566, Matt,Olson,687,0.903947368,539,75.05655904,0.518195051,0.304267161,0.238719068,0.19851577,0.155749636,7.547725852,15,0.801082081,249,0.362445415
686948, Drake,Baldwin,495,0.903284672,382,75.03542148,0.529292929,0.321989529,0.248484848,0.191099476,0.147474747,7.302621838,11,-4.250883039,181,0.365656566
669065, Kyle,Stowers,497,0.906934307,343,74.96874117,0.513078471,0.306122449,0.211267606,0.206997085,0.142857143,6.784608048,15,-3.023693766,159,0.319919517
694192, Jackson,Chourio,391,0.905092593,315,74.91956307,0.516624041,0.323809524,0.260869565,0.184126984,0.148337596,7.371801611,8,6.911875758,154,0.393861893
683357, Owen,Caissie,419,0.901075269,276,74.89379,0.534606205,0.286231884,0.188544153,0.170289855,0.112171838,7.098445274,14,-3.254253568,121,0.288782816
682829, Elly,De La Cruz,477,0.908571429,347,74.8832113,0.492662474,0.334293948,0.243186583,0.219020173,0.15932914,7.042356184,9,4.65540013,177,0.371069182
624585, Jorge,Soler,486,0.903345725,323,74.87748171,0.510288066,0.250773994,0.166666667,0.145510836,0.096707819,7.880074774,4,-8.788071085,156,0.320987654
671739, Michael,Harris II,573,0.90521327,434,74.87386417,0.486910995,0.313364055,0.237347295,0.223502304,0.169284468,8.186350506,8,3.471053027,214,0.373472949
691718, Pete,Crow-Armstrong,665,0.901084011,510,74.77622152,0.506766917,0.284313725,0.218045113,0.174509804,0.133834586,7.36532812,30,4.179355466,222,0.333834586
624413, Pete,Alonso,629,0.907647908,466,74.77244735,0.484896661,0.326180258,0.241653418,0.212446352,0.157392687,7.210474372,14,-8.49507156,224,0.356120827
683146, Brett,Baty,518,0.905594406,379,74.74921183,0.513513514,0.2823219,0.206563707,0.139841689,0.102316602,7.362304189,15,-21.00819694,177,0.341698842
686527, Dominic,Canzone,366,0.903703704,267,74.74002751,0.467213115,0.397003745,0.289617486,0.239700375,0.174863388,7.407025219,8,1.647371701,152,0.415300546
694212, Samuel,Basallo,482,0.900934579,345,74.73446031,0.479253112,0.32173913,0.230290456,0.188405797,0.134854772,7.617538734,14,-1.238918396,172,0.356846473
606466, Ketel,Marte,574,0.912559618,465,74.6836273,0.463414634,0.348387097,0.282229965,0.215053763,0.174216028,7.723884443,6,-3.813066783,265,0.461672474
592518, Manny,Machado,608,0.908819133,453,74.66646293,0.449013158,0.289183223,0.215460526,0.154525386,0.115131579,7.875003734,16,-18.64905379,221,0.363486842
660271, Shohei,Ohtani,585,0.905572755,420,74.66385971,0.490598291,0.380952381,0.273504274,0.20952381,0.15042735,7.871841692,7,-0.375748328,215,0.367521368
691785, Marcelo,Mayer,373,0.907542579,279,74.6254582,0.471849866,0.275985663,0.206434316,0.121863799,0.091152815,7.91561319,8,-14.38413154,154,0.412868633
663728, Cal,Raleigh,509,0.90248227,356,74.57059754,0.493123772,0.20505618,0.143418468,0.095505618,0.066797642,7.847192475,12,-26.06366379,134,0.263261297
663993, Nathaniel,Lowe,366,0.901477833,293,74.49988,0.428961749,0.215017065,0.172131148,0.133105802,0.106557377,7.55710153,9,2.023785909,123,0.336065574
691016, Tyler,Soderstrom,477,0.90512334,378,74.45873656,0.450733753,0.304232804,0.241090147,0.171957672,0.136268344,7.492973564,10,-14.95014014,197,0.412997904
683002, Gunnar,Henderson,710,0.903307888,555,74.41597886,0.445070423,0.288288288,0.225352113,0.142342342,0.111267606,7.323140817,14,-12.4864775,263,0.370422535
547180, Bryce,Harper,670,0.90296496,473,74.38361322,0.479104478,0.310782241,0.219402985,0.177589852,0.125373134,7.413802194,6,-3.275708215,233,0.347761194
668904, Royce,Lewis,382,0.900943396,259,74.33005456,0.479057592,0.297297297,0.201570681,0.158301158,0.107329843,8.029015838,8,-7.573443337,137,0.358638743
666160, Mickey,Moniak,377,0.901913876,279,74.31265369,0.456233422,0.315412186,0.233421751,0.136200717,0.100795756,7.833365597,7,11.79747628,136,0.360742706
657757, Gavin,Sheets,467,0.903288201,383,74.25742947,0.451820128,0.266318538,0.218415418,0.120104439,0.098501071,7.720806124,16,-4.317561063,182,0.389721627
572233, Christian,Walker,651,0.900414938,486,74.24181925,0.425499232,0.298353909,0.222734255,0.174897119,0.130568356,7.420363533,23,-6.953951464,248,0.380952381
682626, Francisco,Alvarez,375,0.907990315,265,74.23846469,0.445333333,0.320754717,0.226666667,0.196226415,0.138666667,7.240531387,9,-5.573518871,136,0.362666667
621439, Byron,Buxton,570,0.903328051,412,74.1807253,0.405263158,0.300970874,0.21754386,0.172330097,0.124561404,7.991644228,13,-0.147509183,209,0.366666667
678246, Miguel,Vargas,602,0.906626506,486,74.17873699,0.446843854,0.335390947,0.27076412,0.179012346,0.144518272,7.748851379,3,-6.671325175,237,0.393687708
671056, Iván,Herrera,583,0.908099688,474,74.09532609,0.433962264,0.303797468,0.246998285,0.154008439,0.125214408,7.7917394,9,-12.65624223,239,0.409948542
695600, Carter,Jensen,503,0.901433692,373,73.99938831,0.391650099,0.340482574,0.252485089,0.160857909,0.119284294,7.075653439,28,-13.10857179,191,0.37972167
668709, JJ,Bleday,410,0.9030837,312,73.95751444,0.368292683,0.298076923,0.226829268,0.157051282,0.119512195,7.288205098,14,-3.622404338,160,0.390243902
671732, Lawrence,Butler,385,0.89953271,275,73.92474065,0.376623377,0.276363636,0.197402597,0.138181818,0.098701299,7.046358416,9,-20.98806807,126,0.327272727
660821, Jesús,Sánchez,400,0.900900901,297,73.8639524,0.455,0.296296296,0.22,0.168350168,0.125,6.884833175,3,-14.06560311,140,0.35
677800, Wilyer,Abreu,662,0.906849315,521,73.77723508,0.373111782,0.30134357,0.237160121,0.138195777,0.108761329,7.151775695,7,-16.41359971,246,0.371601208
650490, Yandy,Díaz,565,0.909822866,487,73.76299011,0.394690265,0.326488706,0.281415929,0.205338809,0.17699115,7.583755823,7,1.172780175,247,0.437168142
677951, Bobby,Witt Jr.,567,0.901430843,437,73.72460192,0.403880071,0.3798627,0.292768959,0.215102975,0.165784832,6.982531834,13,-0.532449374,248,0.437389771
542303, Marcell,Ozuna,393,0.903448276,264,73.66577384,0.386768448,0.295454545,0.198473282,0.140151515,0.094147583,7.515290483,3,-21.35751079,128,0.325699746
686555, Isaac,Collins,383,0.901176471,303,73.64135898,0.352480418,0.330033003,0.261096606,0.161716172,0.127937337,6.816819922,14,-9.190534657,169,0.441253264
664040, Brandon,Lowe,675,0.9,467,73.60946425,0.4,0.338329764,0.234074074,0.164882227,0.114074074,7.021868622,27,-0.762355656,227,0.336296296
671277, Luis,García Jr.,518,0.90877193,432,73.5141773,0.357142857,0.342592593,0.285714286,0.199074074,0.166023166,7.39940612,8,10.56515684,225,0.434362934
701538, Jackson,Merrill,648,0.905027933,473,73.47671866,0.311728395,0.268498943,0.195987654,0.133192389,0.097222222,7.586591466,9,-26.89620432,207,0.319444444
668901, Mark,Vientos,449,0.912601626,314,73.32479927,0.285077951,0.328025478,0.229398664,0.184713376,0.129175947,7.513851403,12,-11.28525232,165,0.367483296
661388, William,Contreras,512,0.907801418,425,73.27604301,0.353515625,0.404705882,0.3359375,0.192941176,0.16015625,7.175497617,10,-10.67210182,261,0.509765625
672960, Kazuma,Okamoto,613,0.901470588,427,73.16637866,0.358890701,0.334894614,0.233278956,0.166276347,0.115823817,7.886097798,18,-5.721154502,198,0.323001631
676475, Alec,Burleson,604,0.905547226,497,73.16327311,0.298013245,0.366197183,0.301324503,0.195171026,0.160596026,7.542735298,5,-3.478972365,264,0.437086093
592885, Christian,Yelich,373,0.9031477,253,73.13014461,0.316353887,0.28458498,0.193029491,0.122529644,0.08310992,7.574182064,6,-15.54389286,128,0.343163539
592663, J.T.,Realmuto,372,0.902912621,285,73.10600686,0.325268817,0.364912281,0.279569892,0.129824561,0.099462366,7.399606317,6,-20.42040089,145,0.389784946
673548, Seiya,Suzuki,498,0.900542495,379,73.086795,0.333333333,0.287598945,0.218875502,0.147757256,0.112449799,7.229734719,13,-5.7287982,184,0.369477912
669357, Nolan,Gorman,420,0.899357602,258,73.06336783,0.304761905,0.290697674,0.178571429,0.15503876,0.095238095,7.573159143,8,-17.47154979,117,0.278571429
665862, Jazz,Chisholm Jr.,542,0.903333333,383,73.0407879,0.3099631,0.336814621,0.23800738,0.146214099,0.103321033,7.908077103,13,-19.36091794,183,0.337638376
679529, Spencer,Torkelson,571,0.904912837,417,73.01812834,0.238178634,0.287769784,0.210157618,0.143884892,0.105078809,7.770879475,10,-15.68312349,184,0.322241681
669236, Jeremiah,Jackson,369,0.904411765,280,72.98873043,0.295392954,0.360714286,0.273712737,0.164285714,0.124661247,7.549910352,13,-8.640601214,150,0.406504065
650489, Willi,Castro,558,0.905844156,399,72.98834554,0.283154122,0.253132832,0.181003584,0.107769424,0.077060932,7.352875538,8,-14.8564183,169,0.302867384
681624, Andy,Pages,667,0.900134953,535,72.98369651,0.277361319,0.31588785,0.253373313,0.158878505,0.127436282,7.657141274,10,-10.26239624,269,0.403298351
668804, Bryan,Reynolds,621,0.9,463,72.9510368,0.325281804,0.313174946,0.233494364,0.168466523,0.125603865,7.006583865,30,-0.40585544,224,0.360708535
662139, Daulton,Varsho,490,0.905730129,389,72.85974598,0.27755102,0.233933162,0.185714286,0.102827763,0.081632653,7.669145184,3,-14.27816273,179,0.365306122
682928, CJ,Abrams,646,0.90097629,471,72.85498661,0.269349845,0.331210191,0.241486068,0.1507431,0.109907121,7.707676022,18,2.575523521,234,0.362229102
665750, Leody,Taveras,436,0.900826446,325,72.79741869,0.275229358,0.258461538,0.19266055,0.098461538,0.073394495,7.53342805,4,-13.32197006,157,0.360091743
677649, Ezequiel,Duran,514,0.901754386,386,72.76419426,0.284046693,0.295336788,0.221789883,0.132124352,0.09922179,7.115337237,8,-3.712323551,193,0.375486381
678554, Curtis,Mead,426,0.900634249,359,72.66480049,0.281690141,0.309192201,0.26056338,0.155988858,0.131455399,7.07403716,7,-1.929311575,177,0.415492958
543807, George,Springer,469,0.901923077,370,72.62381384,0.292110874,0.281081081,0.221748401,0.118918919,0.093816631,7.441320448,17,-11.04739031,173,0.368869936
607043, Brandon,Nimmo,591,0.905053599,463,72.56429645,0.287648054,0.365010799,0.285956007,0.190064795,0.148900169,7.012593773,14,-14.68706075,226,0.382402707
701398, Sal,Stewart,629,0.902439024,467,72.52726293,0.287758347,0.323340471,0.240063593,0.160599572,0.119236884,7.591862973,20,-6.731462916,234,0.372019078
802139, JJ,Wetherholt,587,0.908668731,480,72.46742561,0.226575809,0.3625,0.296422487,0.1375,0.112436116,7.575815911,12,-16.71631982,258,0.439522998
700250, Ben,Rice,551,0.90625,432,72.45868123,0.2323049,0.368055556,0.288566243,0.185185185,0.145190563,7.589511815,8,9.109224268,222,0.402903811
669477, Casey,Schmitt,598,0.907435508,475,72.41435955,0.277591973,0.324210526,0.257525084,0.164210526,0.130434783,7.590395385,14,-0.492540179,237,0.39632107
677942, Blaze,Alexander,410,0.907079646,306,72.40670463,0.246341463,0.336601307,0.251219512,0.137254902,0.102439024,7.474509317,7,-6.674684272,142,0.346341463
672724, Oswald,Peraza,463,0.904296875,330,72.31120896,0.24838013,0.275757576,0.196544276,0.139393939,0.099352052,7.582366328,8,-6.278360211,155,0.334773218
606192, Teoscar,Hernández,378,0.90430622,266,72.2746905,0.23015873,0.342105263,0.240740741,0.180451128,0.126984127,7.758628413,10,-8.650446738,136,0.35978836
642715, Willy,Adames,593,0.902587519,436,72.25183784,0.246205734,0.314220183,0.231028668,0.128440367,0.094435076,8.173668651,10,-6.65873903,224,0.377740304
657041, Lane,Thomas,368,0.901960784,299,72.1801847,0.214673913,0.301003344,0.244565217,0.110367893,0.089673913,6.858943804,12,-10.94956085,145,0.394021739
593428, Xander,Bogaerts,426,0.900634249,331,72.16718629,0.267605634,0.341389728,0.265258216,0.126888218,0.098591549,7.375307418,12,-10.77125305,179,0.420187793
671218, Heliot,Ramos,393,0.905529954,290,72.13030804,0.226463104,0.310344828,0.229007634,0.155172414,0.114503817,6.849927455,6,-7.016577479,129,0.328244275
686681, Michael,Massey,374,0.901204819,308,72.10939893,0.144385027,0.376623377,0.310160428,0.136363636,0.112299465,7.184283289,8,-4.399361021,166,0.443850267
664023, Ian,Happ,616,0.904552129,423,72.10647547,0.204545455,0.286052009,0.196428571,0.14893617,0.102272727,6.91650901,5,-10.59918775,185,0.300324675
672640, Otto,Lopez,552,0.901960784,448,72.04900362,0.255434783,0.401785714,0.326086957,0.196428571,0.15942029,6.779545797,15,8.603838704,271,0.490942029
664034, Ty,France,396,0.9,284,72.02246242,0.196969697,0.295774648,0.212121212,0.161971831,0.116161616,7.518843081,10,-9.241693611,129,0.325757576
665742, Juan,Soto,399,0.898648649,333,72.01918113,0.250626566,0.447447447,0.373433584,0.237237237,0.197994987,7.085794812,23,11.9643883,195,0.488721805
672580, Maikel,Garcia,395,0.90389016,351,72.01419775,0.2,0.378917379,0.336708861,0.165242165,0.146835443,7.113890658,8,-6.276125215,209,0.529113924
690993, Colt,Keith,367,0.903940887,294,71.99489409,0.198910082,0.411564626,0.329700272,0.180272109,0.144414169,6.832339292,7,-10.73372185,173,0.471389646
693307, Dillon,Dingler,573,0.90664557,458,71.97269597,0.17452007,0.344978166,0.27574171,0.174672489,0.139616056,7.65587199,8,7.356136533,224,0.390924956
605137, Josh,Bell,628,0.904899135,484,71.96918755,0.25,0.309917355,0.238853503,0.142561983,0.109872611,7.915934363,12,-11.65007064,227,0.361464968
678662, Ezequiel,Tovar,614,0.901615272,432,71.95528883,0.203583062,0.247685185,0.174267101,0.087962963,0.061889251,7.582714349,13,-26.65556137,183,0.298045603
592626, Joc,Pederson,442,0.902040816,315,71.95350572,0.194570136,0.371428571,0.264705882,0.174603175,0.124434389,7.467626018,7,-5.522370729,158,0.357466063
681481, Kerry,Carpenter,380,0.900473934,276,71.90132032,0.155263158,0.315217391,0.228947368,0.119565217,0.086842105,7.404447789,8,-5.739434596,124,0.326315789
665019, Kody,Clemens,524,0.906574394,403,71.85885338,0.135496183,0.384615385,0.295801527,0.181141439,0.139312977,7.15337813,8,-3.205338911,199,0.379770992
608369, Corey,Seager,372,0.907317073,251,71.83610745,0.134408602,0.342629482,0.231182796,0.163346614,0.110215054,6.708570914,14,-16.23342574,122,0.327956989
663616, Trevor,Larnach,400,0.898876404,297,71.83329848,0.1925,0.323232323,0.24,0.138047138,0.1025,7.21425075,7,-0.251932204,161,0.4025
656555, Rhys,Hoskins,389,0.900462963,279,71.79977352,0.167095116,0.290322581,0.208226221,0.11827957,0.084832905,8.192441748,15,-17.07404582,119,0.305912596
521692, Salvador,Perez,651,0.904166667,504,71.77139651,0.195084485,0.311507937,0.241167435,0.138888889,0.107526882,7.712523395,10,-26.58436406,243,0.373271889
702284, Cole,Young,591,0.905053599,478,71.7617555,0.231810491,0.326359833,0.263959391,0.119246862,0.096446701,6.973195956,10,-18.43309346,245,0.414551607
680574, Matt,McLain,459,0.901768173,340,71.72508495,0.130718954,0.341176471,0.252723312,0.138235294,0.102396514,6.909901373,12,-22.68166418,170,0.37037037
666969, Adolis,García,439,0.905154639,301,71.70487772,0.257403189,0.352159468,0.241457859,0.149501661,0.102505695,7.69028713,9,-22.70495112,143,0.325740319
646240, Rafael,Devers,673,0.907008086,480,71.66188407,0.208023774,0.335416667,0.23922734,0.175,0.124814264,7.507023908,9,-12.99162341,211,0.313521545
672515, Gabriel,Moreno,395,0.89977221,337,71.5850079,0.220253165,0.335311573,0.286075949,0.142433234,0.121518987,7.041396911,8,-3.863217164,169,0.427848101
607208, Trea,Turner,668,0.911323329,494,71.55175422,0.19011976,0.342105263,0.252994012,0.107287449,0.079341317,7.639110644,11,-24.82585497,257,0.384730539
621020, Dansby,Swanson,528,0.901023891,381,71.51270188,0.098484848,0.375328084,0.270833333,0.13648294,0.098484848,7.575818636,13,-11.31353626,202,0.382575758
641487, J.P.,Crawford,442,0.900203666,365,71.51042419,0.192307692,0.342465753,0.28280543,0.112328767,0.092760181,7.390477081,4,-16.61068872,184,0.416289593
571970, Max,Muncy,476,0.910133843,347,71.4994574,0.134453782,0.365994236,0.266806723,0.167146974,0.121848739,6.941665777,6,-0.648136326,184,0.386554622
669016, Brandon,Marsh,601,0.902402402,458,71.49523774,0.153078203,0.325327511,0.247920133,0.152838428,0.116472546,7.249921498,3,4.132147888,225,0.37437604
553993, Eugenio,Suárez,410,0.899122807,278,71.49212661,0.180487805,0.26618705,0.180487805,0.100719424,0.068292683,7.747082585,19,-11.10308043,129,0.314634146
502671, Paul,Goldschmidt,418,0.904761905,320,71.4355428,0.155502392,0.3125,0.23923445,0.14375,0.110047847,7.553901053,3,4.275941132,158,0.377990431
800050, Chase,DeLauter,441,0.901840491,380,71.42512696,0.179138322,0.378947368,0.326530612,0.178947368,0.154195011,7.094572426,13,-12.29529234,214,0.485260771
571448, Nolan,Arenado,512,0.899824253,405,71.42225209,0.1640625,0.283950617,0.224609375,0.079012346,0.0625,8.430159531,20,-18.95610964,194,0.37890625
805808, Kevin,McGonigle,588,0.900459418,506,71.3352968,0.175170068,0.351778656,0.302721088,0.122529644,0.105442177,6.951019762,10,-13.27393434,256,0.43537415
663656, Kyle,Tucker,617,0.902046784,490,71.24992272,0.207455429,0.318367347,0.252836305,0.102040816,0.081037277,7.36400637,9,-13.26472114,230,0.372771475
682177, Daniel,Schneemann,434,0.902286902,309,71.22383657,0.117511521,0.297734628,0.211981567,0.116504854,0.082949309,7.068305392,11,-12.64565585,144,0.331797235
608348, Carson,Kelly,370,0.906862745,293,71.16720292,0.097297297,0.354948805,0.281081081,0.150170648,0.118918919,6.977777297,4,-3.436593125,154,0.416216216
701807, Carson,Benge,582,0.899536321,460,71.1569867,0.183848797,0.336956522,0.266323024,0.141304348,0.111683849,6.537762955,19,-13.45200327,227,0.390034364
663886, Tyler,Stephenson,367,0.903940887,282,71.15288199,0.111716621,0.358156028,0.27520436,0.15248227,0.117166213,7.451966975,14,-12.2021229,140,0.38147139
573262, Mike,Yastrzemski,381,0.904988124,301,71.15045596,0.070866142,0.368770764,0.291338583,0.129568106,0.102362205,7.434188924,9,-12.78612634,151,0.396325459
664983, Jake,McCarthy,446,0.902834008,347,71.1156915,0.134529148,0.317002882,0.246636771,0.100864553,0.078475336,7.08933574,4,-1.090206714,188,0.421524664
609280, Miguel,Andujar,395,0.901826484,325,71.10357382,0.189873418,0.292307692,0.240506329,0.107692308,0.088607595,7.543391291,9,-9.13915775,156,0.394936709
682657, Angel,Martínez,415,0.90021692,337,71.03301065,0.159036145,0.28189911,0.228915663,0.118694362,0.096385542,7.340677831,8,-7.151147009,146,0.351807229
668715, Spencer,Steer,529,0.902730375,400,71.02272552,0.06805293,0.345,0.260869565,0.1525,0.115311909,7.379710756,7,-10.99759772,207,0.391304348
668227, Randy,Arozarena,578,0.900311526,428,70.94300372,0.219723183,0.355140187,0.262975779,0.14953271,0.110726644,7.184689152,6,-9.07625015,202,0.349480969
687263, Zach,Neto,689,0.901832461,470,70.92768935,0.114658926,0.304255319,0.20754717,0.10212766,0.069666183,7.088302583,20,-10.80924847,198,0.287373004
668939, Adley,Rutschman,384,0.899297424,330,70.87413247,0.135416667,0.372727273,0.3203125,0.151515152,0.130208333,6.942537396,11,-1.9992562,168,0.4375
545121, Ildemaro,Vargas,409,0.898901099,356,70.86454528,0.166259169,0.365168539,0.317848411,0.137640449,0.119804401,7.377378631,6,-5.655171357,213,0.520782396
663837, Matt,Vierling,395,0.905963303,325,70.83639998,0.073417722,0.353846154,0.291139241,0.126153846,0.103797468,7.420361797,2,-14.15522127,173,0.437974684
656811, Ryan,O'Hearn,519,0.910526316,416,70.82480634,0.096339114,0.334134615,0.267822736,0.120192308,0.096339114,7.151055934,8,-0.448835408,202,0.389210019
691026, Masyn,Winn,504,0.903225806,403,70.81093514,0.126984127,0.342431762,0.273809524,0.136476427,0.109126984,7.282285516,6,-11.85021695,223,0.442460317
695734, Daylen,Lile,655,0.907202216,517,70.7896884,0.088549618,0.342359768,0.270229008,0.127659574,0.100763359,7.490130885,9,-17.8423066,265,0.404580153
673962, Josh,Jung,536,0.906937394,450,70.63940349,0.093283582,0.38,0.319029851,0.155555556,0.130597015,7.00591722,12,-4.736963641,240,0.447761194
664761, Alec,Bohm,519,0.908931699,439,70.62278033,0.107899807,0.400911162,0.33911368,0.150341686,0.12716763,7.197769403,4,-16.79557693,250,0.481695568
693304, Nick,Gonzales,592,0.901065449,459,70.52710544,0.118243243,0.300653595,0.233108108,0.108932462,0.084459459,7.424395304,10,-5.889507306,227,0.383445946
656775, Cedric,Mullins,498,0.903811252,393,70.50024681,0.070281124,0.323155216,0.25502008,0.096692112,0.076305221,7.375193213,6,-23.93604663,178,0.357429719
518692, Freddie,Freeman,715,0.905063291,577,70.49321997,0.08951049,0.332755633,0.268531469,0.149046794,0.12027972,6.744202238,12,-11.23731728,257,0.359440559
681393, Connor,Norby,391,0.898850575,281,70.48169294,0.071611253,0.28113879,0.202046036,0.074733096,0.05370844,7.058023939,17,-18.28362258,124,0.31713555
805300, Jakob,Marsee,499,0.903985507,414,70.45712643,0.074148297,0.306763285,0.254509018,0.096618357,0.080160321,6.719966453,16,-20.96474897,205,0.410821643
691720, Kyle,Karros,449,0.903420523,348,70.43498706,0.073496659,0.313218391,0.242761693,0.114942529,0.08908686,7.044571826,18,-9.685572744,163,0.363028953
803011, Sam,Antonacci,413,0.903719912,350,70.29113794,0.094430993,0.334285714,0.283292978,0.108571429,0.092009685,6.796321598,4,-9.13647059,182,0.440677966
701675, Nathan,Church,438,0.901234568,333,70.24954427,0.098173516,0.267267267,0.203196347,0.105105105,0.079908676,7.200622648,3,-12.15842468,149,0.340182648
686469, Vinnie,Pasquantino,465,0.901162791,397,70.22943587,0.088172043,0.317380353,0.270967742,0.118387909,0.101075269,7.269533097,7,-16.45781009,191,0.410752688
686797, Brooks,Lee,594,0.901365706,478,70.22667236,0.084175084,0.343096234,0.276094276,0.09623431,0.077441077,7.003625673,18,-9.340104356,235,0.395622896
647304, Josh,Naylor,545,0.900826446,452,70.16529976,0.078899083,0.378318584,0.313761468,0.14159292,0.117431193,7.56426167,8,-21.61028579,257,0.471559633
666182, Bo,Bichette,665,0.899864682,544,70.14094317,0.156390977,0.334558824,0.273684211,0.145220588,0.118796992,7.200827113,5,-18.17537249,261,0.392481203
608070, José,Ramírez,510,0.904255319,423,70.0794749,0.123529412,0.314420804,0.260784314,0.137115839,0.11372549,7.23618451,4,-14.54394413,197,0.38627451
668930, Brice,Turang,578,0.903125,466,70.02346071,0.095155709,0.339055794,0.273356401,0.150214592,0.121107266,6.750179792,10,1.407710277,211,0.365051903
666018, Jonathan,Aranda,586,0.901538462,463,69.99219561,0.116040956,0.354211663,0.279863481,0.149028078,0.11774744,7.101984625,11,-1.824157732,214,0.365187713
687859, Troy,Johnston,471,0.90403071,369,69.98907355,0.055201699,0.37398374,0.292993631,0.140921409,0.110403397,6.768566412,5,-6.440273639,197,0.418259023
678882, Ceddanne,Rafaela,600,0.900900901,455,69.96520667,0.08,0.320879121,0.243333333,0.083516484,0.063333333,7.367107,12,-5.254575404,226,0.376666667
677587, Brayan,Rocchio,561,0.899038462,432,69.95848722,0.073083779,0.31712963,0.244206774,0.092592593,0.071301248,7.300840178,9,-13.96178653,222,0.395721925
681082, Bryson,Stott,508,0.902309059,427,69.9305128,0.061023622,0.37236534,0.312992126,0.140515222,0.118110236,7.254073917,9,-8.196795776,227,0.446850394
608324, Alex,Bregman,574,0.902515723,492,69.88446409,0.034843206,0.367886179,0.31533101,0.109756098,0.094076655,6.999445645,10,-18.23319544,266,0.463414634
700932, Kyle,Manzardo,478,0.901886792,349,69.85946494,0.071129707,0.320916905,0.234309623,0.11747851,0.085774059,7.350130439,9,-12.0614155,155,0.324267782
643217, Andrew,Benintendi,482,0.902621723,351,69.85280562,0.043568465,0.358974359,0.261410788,0.148148148,0.107883817,7.136077054,11,-13.03127873,175,0.363070539
671976, Tristan,Peters,435,0.900621118,341,69.65651635,0.068965517,0.325513196,0.255172414,0.105571848,0.082758621,6.80581131,7,-4.58655134,157,0.36091954
683953, Travis,Bazzana,378,0.9,285,69.62861648,0.137566138,0.347368421,0.261904762,0.098245614,0.074074074,7.000101349,13,-10.09113734,142,0.375661376
641355, Cody,Bellinger,571,0.902053712,465,69.50597096,0.026269702,0.393548387,0.320490368,0.129032258,0.105078809,7.894787688,7,-9.645271268,249,0.436077058
696285, Jacob,Young,395,0.90389016,320,69.42357175,0.027848101,0.43125,0.349367089,0.15,0.121518987,7.166786506,9,-4.519572136,192,0.486075949
807712, Luke,Keaschall,440,0.899795501,376,69.39966455,0.106818182,0.321808511,0.275,0.07712766,0.065909091,6.777396023,18,-20.17821568,209,0.475
645277, Ozzie,Albies,656,0.899862826,527,69.13486427,0.057926829,0.362428843,0.291158537,0.083491461,0.067073171,7.158625305,10,-16.74339307,266,0.405487805
681198, TJ,Rumfield,572,0.899371069,459,69.04042206,0.089160839,0.302832244,0.243006993,0.095860566,0.076923077,6.573883497,11,-7.546121078,234,0.409090909
643289, Mauricio,Dubón,583,0.899691358,500,69.02492329,0.030874786,0.32,0.274442539,0.082,0.070325901,7.61907506,9,-6.396712986,244,0.418524871
687462, Spencer,Horwitz,414,0.9,354,69.01162268,0.050724638,0.344632768,0.29468599,0.107344633,0.09178744,6.981985845,4,-3.657412552,185,0.446859903
702332, Caleb,Durbin,431,0.90167364,374,68.94128288,0.062645012,0.344919786,0.299303944,0.093582888,0.081206497,6.931618654,15,-12.1925093,208,0.482598608
676609, José,Caballero,467,0.899807322,343,68.92230923,0.070663812,0.309037901,0.226980728,0.069970845,0.051391863,6.807443255,7,-5.669854225,165,0.353319058
702222, Justin,Crawford,491,0.905904059,396,68.77908992,0.042769857,0.305555556,0.246435845,0.098484848,0.079429735,6.973274399,3,-10.70375953,187,0.380855397
543760, Marcus,Semien,534,0.900505902,422,68.71953154,0.020599251,0.336492891,0.265917603,0.090047393,0.071161049,7.807568165,20,-25.89413581,211,0.395131086
656716, Zach,McKinstry,365,0.901234568,307,68.68010874,0.052054795,0.270358306,0.22739726,0.061889251,0.052054795,6.729496521,5,-13.71315924,139,0.380821918
514888, Jose,Altuve,423,0.9,325,68.58218719,0.080378251,0.366153846,0.281323877,0.095384615,0.073286052,7.630348227,8,-5.079295832,180,0.425531915
683083, Nasim,Nuñez,483,0.901119403,381,68.47442143,0.041407867,0.262467192,0.207039337,0.062992126,0.049689441,6.763061387,16,-21.59429228,168,0.347826087
808982, Jung Hoo,Lee,495,0.903284672,441,68.44690602,0.032323232,0.424036281,0.377777778,0.092970522,0.082828283,7.742882525,3,-3.124516208,261,0.527272727
669364, Xavier,Edwards,536,0.908474576,457,68.43278674,0.02238806,0.402625821,0.343283582,0.078774617,0.067164179,6.535869739,8,-9.602857608,261,0.486940299
683737, Michael,Busch,572,0.899371069,427,68.38603789,0.043706294,0.384074941,0.286713287,0.140515222,0.104895105,6.987170262,15,-21.05780367,214,0.374125874
686217, Sal,Frelick,382,0.900943396,353,68.36569469,0.031413613,0.390934844,0.361256545,0.107648725,0.09947644,7.093156623,6,-15.837815,206,0.539267016
663538, Nico,Hoerner,559,0.904530744,510,68.3163063,0.01431127,0.392156863,0.357781753,0.080392157,0.073345259,7.258299642,10,-21.3998517,300,0.53667263
689414, Liam,Hicks,417,0.900647948,378,68.22798662,0.033573141,0.412698413,0.374100719,0.121693122,0.110311751,6.821136307,5,-5.385201765,232,0.556354916
643446, Jeff,McNeil,504,0.901610018,437,68.13561522,0.031746032,0.338672769,0.293650794,0.054919908,0.047619048,7.150382183,8,-23.2325898,206,0.408730159
621493, Taylor,Ward,511,0.899647887,422,68.08335859,0.029354207,0.412322275,0.340508806,0.123222749,0.101761252,6.85318728,15,-15.23453293,225,0.440313112
665926, Andrés,Giménez,506,0.900355872,369,68.06648496,0.037549407,0.344173442,0.250988142,0.062330623,0.045454545,6.989602549,10,-20.726507,183,0.361660079
694384, Nolan,Schanuel,450,0.9,380,68.03966133,0.066666667,0.365789474,0.308888889,0.089473684,0.075555556,6.774159267,14,-12.18653989,199,0.442222222
670623, Isaac,Paredes,572,0.899371069,477,67.65078128,0.062937063,0.333333333,0.277972028,0.071278826,0.059440559,7.820903199,5,-14.64794524,217,0.379370629
676391, Ernie,Clement,531,0.9,457,67.62730663,0.032015066,0.407002188,0.350282486,0.06345733,0.054613936,7.164406798,18,-1.441500087,269,0.506591337
672695, Geraldo,Perdomo,514,0.898601399,452,66.92928876,0.001945525,0.384955752,0.338521401,0.079646018,0.070038911,6.973225175,10,-19.47423605,239,0.464980545
805367, Chase,Meidroth,539,0.899833055,438,66.81874351,0.011131725,0.365296804,0.296846011,0.082191781,0.066790353,6.601012616,10,-10.53602927,208,0.385899814
663968, Jake,Mangum,433,0.9002079,344,66.80895686,0.025404157,0.273255814,0.217090069,0.061046512,0.048498845,6.656762079,8,-4.44222915,148,0.341801386
802415, Chandler,Simpson,427,0.900843882,387,64.98068536,0.004683841,0.452196382,0.409836066,0.031007752,0.028103044,6.540865831,6,-14.05486925,239,0.55971897
650333, Luis,Arraez,580,0.900621118,532,63.28277153,0,0.45112782,0.413793103,0.022556391,0.020689655,5.910679121,2,-7.181776001,284,0.489655172
680757, Steven,Kwan,392,0.899082569,369,62.82508089,0.00255102,0.449864499,0.423469388,0.01897019,0.017857143,6.263831403,4,-19.50743162,221,0.56377551
