First_Name,Last_Name,player_id,team_name_alt,pitch_type,pitch_name,run_value_per_100,run_value,pitches,pitch_usage,pa,ba,slg,woba,whiff_percent,k_percent,put_away,est_ba,est_slg,est_woba,hard_hit_percent
 Mike,Trout,545361,LAA,FF,4-Seam Fastball,2.4,15,626,44.7,129,0.276,0.541,0.451,17.2,17.8,11,0.3,0.646,0.47,57.3
 Rafael,Devers,646240,SF,FF,4-Seam Fastball,-0.9,-5,544,42.5,123,0.186,0.398,0.281,41.4,45.5,27.3,0.182,0.379,0.274,59.6
 Isaac,Collins,686555,KC,FF,4-Seam Fastball,-1.3,-5,430,45.5,122,0.196,0.25,0.309,17.6,17.2,21.9,0.238,0.349,0.353,40
 Luis,Arraez,650333,SF,FF,4-Seam Fastball,0.8,4,448,39.2,121,0.363,0.496,0.384,10.2,5,5.2,0.293,0.386,0.31,25.5
 Nico,Hoerner,663538,CHC,FF,4-Seam Fastball,-1.7,-6,356,29.3,116,0.184,0.276,0.27,5.1,4.3,6.7,0.289,0.4,0.353,33
 Vinnie,Pasquantino,686469,KC,FF,4-Seam Fastball,-1.1,-4,379,32.5,116,0.27,0.41,0.342,9.2,19,20,0.249,0.415,0.325,42
 Jonathan,Aranda,666018,TB,FF,4-Seam Fastball,-0.1,0,499,41.3,114,0.242,0.396,0.341,23.9,24.6,19.9,0.253,0.476,0.372,50
 Michael,Busch,683737,CHC,FF,4-Seam Fastball,0.1,0,384,29.2,113,0.218,0.376,0.325,13.5,16.8,17.4,0.239,0.451,0.336,42.7
 Jakob,Marsee,805300,MIA,FF,4-Seam Fastball,-0.7,-3,435,36,111,0.196,0.304,0.293,12.3,18,17.1,0.216,0.32,0.312,34.7
 Chandler,Simpson,802415,TB,FF,4-Seam Fastball,-2.3,-8,356,39.8,107,0.258,0.258,0.274,4.7,7.5,10.5,0.24,0.276,0.252,15.1
 Riley,Greene,682985,DET,FF,4-Seam Fastball,0,0,446,34.5,106,0.247,0.416,0.344,26.2,28.3,20,0.234,0.436,0.352,43.3
 Colson,Montgomery,695657,CWS,FF,4-Seam Fastball,-0.6,-2,375,34.9,105,0.194,0.398,0.3,37.6,34.3,31.6,0.17,0.343,0.272,43.9
 Cole,Young,702284,SEA,FF,4-Seam Fastball,-0.7,-3,402,35,105,0.226,0.366,0.301,18.2,13.3,13.1,0.233,0.395,0.313,42.5
 Xavier,Edwards,669364,MIA,FF,4-Seam Fastball,2.7,11,405,32.7,104,0.379,0.667,0.481,8.3,5.8,6.4,0.327,0.553,0.42,37.3
 Pete,Crow-Armstrong,691718,CHC,FF,4-Seam Fastball,-1,-4,369,30.5,103,0.204,0.376,0.29,22.4,27.2,20.9,0.201,0.401,0.297,50.8
 JJ,Wetherholt,802139,STL,FF,4-Seam Fastball,0.7,2,377,30.6,103,0.261,0.591,0.405,24.2,21.4,20.4,0.276,0.613,0.42,54.5
 Ian,Happ,664023,CHC,FF,4-Seam Fastball,0.9,4,438,34.4,103,0.216,0.477,0.366,27.5,35,24.8,0.198,0.439,0.331,51.9
 Spencer,Horwitz,687462,PIT,FF,4-Seam Fastball,0.3,1,382,34.3,101,0.272,0.457,0.383,12.6,10.9,12.5,0.238,0.414,0.367,30.6
 Austin,Riley,663586,ATL,FF,4-Seam Fastball,-0.4,-1,385,32,100,0.23,0.368,0.315,33.7,31,25.4,0.219,0.386,0.315,53.6
 Kevin,McGonigle,805808,DET,FF,4-Seam Fastball,0.5,2,367,28.7,100,0.268,0.439,0.383,10.7,11,12.1,0.283,0.525,0.406,42.3
 Cody,Bellinger,641355,NYY,FF,4-Seam Fastball,0.6,2,364,31.7,100,0.256,0.41,0.37,17.4,11,11.2,0.273,0.409,0.376,30.9
 Steven,Kwan,680757,CLE,FF,4-Seam Fastball,-0.3,-2,436,40.5,100,0.231,0.295,0.33,4.3,6,7.6,0.229,0.306,0.331,8.2
 Ketel,Marte,606466,AZ,FF,4-Seam Fastball,0.4,1,335,30.1,100,0.231,0.473,0.349,10.6,9,11.7,0.293,0.567,0.387,45.8
 Taylor,Ward,621493,BAL,FF,4-Seam Fastball,1.1,5,410,28.2,100,0.312,0.455,0.417,18.6,22,17.6,0.306,0.497,0.425,41.8
 Bryan,Reynolds,668804,PIT,FF,4-Seam Fastball,3.1,11,363,28.3,100,0.329,0.624,0.466,21.8,19,17,0.297,0.569,0.416,53
 Trent,Grisham,663757,NYY,FF,4-Seam Fastball,-0.6,-2,364,34.5,99,0.217,0.398,0.331,11.9,8.1,8.8,0.309,0.548,0.417,52
 Nick,Kurtz,701762,ATH,FF,4-Seam Fastball,2.6,11,436,30.8,99,0.286,0.701,0.473,33.5,29.3,21.6,0.304,0.731,0.492,70.8
 Brandon,Nimmo,607043,TEX,FF,4-Seam Fastball,0.5,2,399,34.5,98,0.294,0.482,0.374,20.1,17.3,14.3,0.268,0.429,0.348,44.9
 Liam,Hicks,689414,MIA,FF,4-Seam Fastball,-0.4,-1,293,28.9,98,0.225,0.412,0.348,4.4,4.1,7.3,0.254,0.416,0.36,33.3
 Carson,Benge,701807,NYM,FF,4-Seam Fastball,0.5,2,441,37.8,98,0.287,0.402,0.358,19.8,21.4,14.8,0.3,0.461,0.367,42.4
 TJ,Rumfield,681198,COL,FF,4-Seam Fastball,0.8,3,354,32.7,97,0.28,0.488,0.381,12.5,17.5,15.3,0.26,0.46,0.363,45.5
 Geraldo,Perdomo,672695,AZ,FF,4-Seam Fastball,1,4,428,34.7,96,0.329,0.605,0.454,11.3,10.4,9.2,0.295,0.44,0.389,36.8
 Kazuma,Okamoto,672960,TOR,FF,4-Seam Fastball,3.7,11,296,23.6,95,0.31,0.607,0.423,28.7,29.5,22.2,0.267,0.582,0.396,62.5
 Kyle,Schwarber,656941,PHI,FF,4-Seam Fastball,2.8,9,328,24,95,0.241,0.608,0.409,26.9,34.7,29.7,0.197,0.475,0.351,58.7
 Chase,DeLauter,800050,CLE,FF,4-Seam Fastball,-0.3,-1,360,35,94,0.287,0.45,0.359,18.5,17,19.8,0.232,0.386,0.33,40.9
 Matt,Olson,621566,ATL,FF,4-Seam Fastball,0.7,3,426,30.7,94,0.25,0.563,0.385,24.4,24.5,17.4,0.29,0.615,0.422,62.1
 Corbin,Carroll,682998,AZ,FF,4-Seam Fastball,1.7,7,390,33.7,93,0.247,0.562,0.411,32.6,25.8,21.8,0.216,0.45,0.365,48
 Kyle,Tucker,663656,LAD,FF,4-Seam Fastball,1.1,4,328,27.3,93,0.231,0.436,0.361,19.8,17.2,14.3,0.272,0.484,0.377,42.9
 Freddie,Freeman,518692,LAD,FF,4-Seam Fastball,2.6,9,366,28.3,93,0.358,0.704,0.473,20.9,20.4,16.4,0.304,0.579,0.412,44.4
 James,Wood,695578,WSH,FF,4-Seam Fastball,2.6,10,381,25.8,93,0.372,0.718,0.495,18.6,22.6,20,0.344,0.724,0.49,63.2
 Masyn,Winn,691026,STL,FF,4-Seam Fastball,-1.9,-8,405,36.7,92,0.215,0.241,0.267,21.4,22.8,18.6,0.265,0.334,0.315,41.7
 Miguel,Vargas,678246,CWS,FF,4-Seam Fastball,1.8,7,409,32.9,92,0.239,0.535,0.416,26,19.6,13.5,0.251,0.562,0.431,43.4
 Andy,Pages,681624,LAD,FF,4-Seam Fastball,-1.3,-5,403,32.1,91,0.229,0.386,0.286,26,26.4,18,0.25,0.456,0.32,55.7
 Jackson,Merrill,701538,SD,FF,4-Seam Fastball,-1.4,-5,402,34.4,91,0.198,0.321,0.275,30.6,30.8,20.4,0.21,0.419,0.313,56.6
 Cedric,Mullins,656775,TB,FF,4-Seam Fastball,-1.6,-6,380,39.8,91,0.179,0.308,0.272,21.6,17.6,17,0.179,0.341,0.279,35.9
 Brice,Turang,668930,MIL,FF,4-Seam Fastball,-0.4,-2,436,34.1,91,0.214,0.429,0.362,21.3,29.7,22,0.2,0.455,0.368,47.7
 Trea,Turner,607208,PHI,FF,4-Seam Fastball,0.8,3,342,28.4,91,0.303,0.447,0.397,21,18.7,17.9,0.265,0.416,0.359,54.2
 Isaac,Paredes,670623,HOU,FF,4-Seam Fastball,-0.3,-1,343,26.9,90,0.203,0.38,0.312,11.5,14.4,12.4,0.247,0.414,0.333,36.4
 Willi,Castro,650489,COL,FF,4-Seam Fastball,0.4,1,406,40.7,90,0.304,0.443,0.369,29.5,25.6,17.2,0.248,0.391,0.326,42.9
 Kyle,Karros,691720,COL,FF,4-Seam Fastball,2.2,7,322,31.6,90,0.365,0.568,0.454,5.3,14.4,12.7,0.312,0.476,0.401,59
 Jung Hoo,Lee,808982,SF,FF,4-Seam Fastball,2.5,8,306,30.9,90,0.393,0.571,0.428,8.6,8.9,9.2,0.321,0.437,0.347,33.8
 Maikel,Garcia,672580,KC,FF,4-Seam Fastball,0.1,0,333,30.3,89,0.325,0.438,0.37,12.3,11.2,11.8,0.285,0.417,0.343,41.4
 Christian,Walker,572233,HOU,FF,4-Seam Fastball,0.2,1,353,29.9,89,0.203,0.459,0.36,26.7,23.6,19.3,0.199,0.377,0.313,50
 Manny,Machado,592518,SD,FF,4-Seam Fastball,0.4,1,354,29.9,89,0.227,0.48,0.348,25.7,25.8,18.9,0.269,0.546,0.386,55.6
 Ezequiel,Tovar,678662,COL,FF,4-Seam Fastball,-3,-11,386,38.8,89,0.131,0.202,0.177,28.8,40.4,24.2,0.173,0.281,0.215,32.7
 Iván,Herrera,671056,STL,FF,4-Seam Fastball,0.4,1,325,25.9,89,0.257,0.386,0.382,14.5,13.5,13.6,0.28,0.429,0.39,37.9
 Shohei,Ohtani,660271,LAD,FF,4-Seam Fastball,0.4,2,397,32.2,89,0.233,0.479,0.37,23,25.8,20.5,0.284,0.612,0.442,57.7
 Zach,Neto,687263,LAA,FF,4-Seam Fastball,1.3,4,314,24.1,89,0.266,0.57,0.381,20.6,24.7,19.1,0.209,0.509,0.342,44.8
 Austin,Martin,668885,MIN,FF,4-Seam Fastball,-0.4,-1,275,29.2,88,0.253,0.333,0.343,8.4,10.2,14.1,0.289,0.402,0.357,34.8
 Jake,McCarthy,664983,COL,FF,4-Seam Fastball,-0.5,-1,258,35.3,88,0.289,0.434,0.341,12.2,11.4,14.7,0.304,0.452,0.357,23.9
 Dansby,Swanson,621020,CHC,FF,4-Seam Fastball,0.5,1,263,24,88,0.243,0.486,0.388,26,22.7,27,0.218,0.407,0.351,51
 Josh,Bell,605137,MIN,FF,4-Seam Fastball,0.2,1,357,31.5,88,0.282,0.436,0.364,23.1,15.9,14.6,0.256,0.399,0.328,45.3
 Elly,De La Cruz,682829,CIN,FF,4-Seam Fastball,1.8,6,318,30.7,88,0.253,0.595,0.407,16.9,25,24.2,0.286,0.67,0.432,57.9
 J.P.,Crawford,641487,SEA,FF,4-Seam Fastball,0.9,3,372,36.9,88,0.234,0.438,0.398,15.2,14.8,12.7,0.275,0.476,0.424,31.4
 Alex,Bregman,608324,CHC,FF,4-Seam Fastball,-0.2,-1,322,23.9,87,0.286,0.403,0.345,10.3,11.5,10.5,0.265,0.406,0.334,46.3
 Josh,Naylor,647304,SEA,FF,4-Seam Fastball,0.9,2,244,25.2,87,0.295,0.5,0.38,8.2,6.9,10.2,0.278,0.467,0.35,31.5
 Jazz,Chisholm Jr.,665862,NYY,FF,4-Seam Fastball,-1.3,-5,335,29,87,0.213,0.373,0.304,23.3,27.6,23.1,0.198,0.347,0.293,38.5
 Brett,Baty,683146,NYM,FF,4-Seam Fastball,-0.8,-3,351,35.2,87,0.241,0.342,0.306,23,31,22.9,0.221,0.344,0.277,45.3
 Bobby,Witt Jr.,677951,KC,FF,4-Seam Fastball,0.3,1,402,32.6,87,0.25,0.412,0.38,22.4,23,17.5,0.287,0.464,0.402,61.2
 Sal,Frelick,686217,MIL,FF,4-Seam Fastball,-1.9,-7,375,39.9,86,0.176,0.216,0.248,13.2,12.8,12.8,0.215,0.263,0.268,35.9
 Willy,Adames,642715,SF,FF,4-Seam Fastball,0.9,3,318,27,86,0.235,0.605,0.366,21.2,22.1,18.1,0.228,0.517,0.334,50
 Randy,Arozarena,668227,SEA,FF,4-Seam Fastball,-0.7,-2,335,27.9,86,0.239,0.366,0.332,33.1,26.7,21.3,0.276,0.5,0.393,54
 Brandon,Marsh,669016,PHI,FF,4-Seam Fastball,1.4,5,329,34.1,85,0.39,0.545,0.437,19.6,20,18.9,0.329,0.514,0.385,54.1
 Ildemaro,Vargas,545121,AZ,FF,4-Seam Fastball,-1.6,-4,259,30.4,85,0.231,0.308,0.295,9.1,5.9,8.6,0.286,0.389,0.325,27.4
 Hunter,Goodman,696100,COL,FF,4-Seam Fastball,-0.6,-2,347,32.2,84,0.176,0.392,0.298,27.4,35.7,24.8,0.198,0.458,0.318,57.8
 Daylen,Lile,695734,WSH,FF,4-Seam Fastball,0.4,1,358,32.1,84,0.268,0.507,0.367,26.5,17.9,16.7,0.246,0.448,0.346,39.7
 Bryson,Stott,681082,PHI,FF,4-Seam Fastball,-2.1,-8,392,38.4,84,0.203,0.284,0.264,18.2,20.2,17.2,0.213,0.369,0.296,43.1
 Tyler,Soderstrom,691016,ATH,FF,4-Seam Fastball,0.4,1,276,24.6,84,0.224,0.448,0.371,17.9,17.9,16.3,0.237,0.438,0.371,46.2
 Wilyer,Abreu,677800,BOS,FF,4-Seam Fastball,-0.4,-2,445,37.4,84,0.233,0.438,0.339,24.6,28.6,19.8,0.188,0.375,0.298,51
 Cam,Smith,701358,HOU,FF,4-Seam Fastball,1.2,4,296,25.9,84,0.271,0.486,0.376,24.7,22.6,19.8,0.277,0.518,0.388,59.6
 Chase,Meidroth,805367,CWS,FF,4-Seam Fastball,0.3,1,364,29.7,83,0.308,0.523,0.415,16.4,24.1,19.4,0.257,0.428,0.38,52.2
 Willson,Contreras,575929,BOS,FF,4-Seam Fastball,0.7,2,313,28.1,83,0.254,0.373,0.354,28.1,24.1,17.9,0.241,0.359,0.339,33.3
 Gavin,Sheets,657757,SD,FF,4-Seam Fastball,0.8,3,320,31.7,83,0.225,0.437,0.34,14.6,13.3,9.8,0.251,0.478,0.365,45
 Sal,Stewart,701398,CIN,FF,4-Seam Fastball,3.2,9,277,22.1,82,0.308,0.6,0.477,36.7,31.7,23.6,0.239,0.44,0.374,59
 Oneil,Cruz,665833,PIT,FF,4-Seam Fastball,0.3,1,336,29,82,0.282,0.451,0.393,30.2,31.7,26.3,0.282,0.513,0.388,71.1
 Ryan,O'Hearn,656811,PIT,FF,4-Seam Fastball,2.5,7,294,29.8,82,0.338,0.635,0.452,12.7,17.1,16.7,0.268,0.479,0.354,48.3
 Jo,Adell,666176,LAA,FF,4-Seam Fastball,1.1,4,316,26.4,82,0.293,0.56,0.373,21.5,23.2,16.1,0.308,0.6,0.401,55.2
 Julio,Rodríguez,677594,SEA,FF,4-Seam Fastball,0.2,1,328,26.3,82,0.225,0.408,0.327,27.5,25.6,16.8,0.228,0.417,0.33,48
 Yordan,Alvarez,670541,HOU,FF,4-Seam Fastball,3.5,13,371,29,82,0.343,0.776,0.509,19,19.5,14.7,0.345,0.79,0.517,64.7
 Bo,Bichette,666182,NYM,FF,4-Seam Fastball,-0.5,-2,350,29.7,81,0.23,0.392,0.303,13.8,24.7,18,0.28,0.445,0.345,59.3
 Munetaka,Murakami,808959,CWS,FF,4-Seam Fastball,3.5,10,295,27.1,81,0.262,0.738,0.488,35.3,23.5,19.8,0.256,0.667,0.462,59.5
 Jarren,Duran,680776,BOS,FF,4-Seam Fastball,-0.2,-1,345,31.4,81,0.214,0.529,0.361,35.6,30.9,28.4,0.223,0.496,0.355,42.2
 Yandy,Díaz,650490,TB,FF,4-Seam Fastball,-0.5,-2,318,29.6,80,0.243,0.419,0.314,17.2,20,14.4,0.236,0.388,0.299,46.6
 Alec,Bohm,664761,PHI,FF,4-Seam Fastball,-1.3,-4,299,29.3,80,0.188,0.348,0.306,18.2,17.5,16.1,0.182,0.283,0.263,35.7
 José,Ramírez,608070,CLE,FF,4-Seam Fastball,1.4,5,336,26.5,80,0.29,0.623,0.417,13.2,10,8.2,0.312,0.572,0.411,48.4
 Garrett,Mitchell,669003,MIL,FF,4-Seam Fastball,-0.8,-2,301,32.7,80,0.227,0.379,0.331,35,38.8,30.7,0.221,0.415,0.34,58.3
 Pete,Alonso,624413,BAL,FF,4-Seam Fastball,1.8,6,314,23.8,80,0.26,0.616,0.394,24.4,26.3,18.6,0.303,0.724,0.453,63.5
 Casey,Schmitt,669477,SF,FF,4-Seam Fastball,-1.2,-3,278,27.8,79,0.26,0.364,0.282,19,16.5,13.8,0.275,0.459,0.323,42.2
 Fernando,Tatis Jr.,665487,SD,FF,4-Seam Fastball,0,0,287,25.5,79,0.3,0.371,0.353,22.6,22.8,20.9,0.313,0.487,0.383,55.8
 Matt,McLain,680574,CIN,FF,4-Seam Fastball,-0.5,-2,333,30.7,79,0.203,0.344,0.322,29.9,30.4,24.7,0.225,0.386,0.343,42.5
 Trevor,Larnach,663616,MIN,FF,4-Seam Fastball,1.2,3,232,28.1,79,0.329,0.529,0.406,12.6,10.1,18.2,0.312,0.523,0.396,37.1
 Byron,Buxton,621439,MIN,FF,4-Seam Fastball,2.3,6,258,24.8,79,0.319,0.696,0.459,25.9,27.8,23.4,0.248,0.598,0.397,66
 Brayan,Rocchio,677587,CLE,FF,4-Seam Fastball,1.4,4,317,30.6,79,0.333,0.515,0.408,18.5,15.2,11.9,0.287,0.461,0.369,41.1
 Evan,Carter,694497,TEX,FF,4-Seam Fastball,-0.7,-2,304,31.6,79,0.191,0.412,0.304,14.4,13.9,12.4,0.25,0.481,0.355,40.7
 Alec,Burleson,676475,STL,FF,4-Seam Fastball,2.8,8,279,25.2,79,0.338,0.606,0.437,23.2,21.5,22.1,0.334,0.702,0.463,64.8
 Mauricio,Dubón,643289,ATL,FF,4-Seam Fastball,-1.7,-5,321,30.9,78,0.225,0.31,0.274,15.7,17.9,15.1,0.244,0.345,0.294,33.3
 Mike,Yastrzemski,573262,ATL,FF,4-Seam Fastball,-0.7,-2,328,37.5,78,0.232,0.319,0.315,24.3,23.1,18.8,0.245,0.336,0.303,45.1
 Adley,Rutschman,668939,BAL,FF,4-Seam Fastball,0.9,3,289,31.3,78,0.262,0.523,0.373,10.3,15.4,14.3,0.22,0.382,0.329,47.3
 Marcus,Semien,543760,NYM,FF,4-Seam Fastball,-1.5,-4,277,25.7,78,0.211,0.394,0.297,18.4,17.9,19.2,0.255,0.526,0.362,49.1
 Spencer,Torkelson,679529,DET,FF,4-Seam Fastball,0.3,1,325,26.4,78,0.21,0.452,0.354,24.4,30.8,23.5,0.202,0.446,0.354,46.2
 Ceddanne,Rafaela,678882,BOS,FF,4-Seam Fastball,-0.2,-1,284,28.1,77,0.279,0.397,0.334,21.2,23.4,18.8,0.231,0.344,0.3,40
 Leody,Taveras,665750,BAL,FF,4-Seam Fastball,-0.6,-2,297,33.9,77,0.197,0.262,0.296,22.7,18.2,15.9,0.191,0.287,0.296,38
 Jeff,McNeil,643446,ATH,FF,4-Seam Fastball,-0.9,-3,295,33.7,77,0.231,0.277,0.298,16.4,13,12.3,0.289,0.363,0.348,32.7
 Matt,Chapman,656305,SF,FF,4-Seam Fastball,-0.6,-2,329,26.7,77,0.23,0.279,0.314,26.3,28.6,20,0.186,0.269,0.296,40
 Nasim,Nuñez,683083,WSH,FF,4-Seam Fastball,-0.5,-2,397,40.7,77,0.23,0.279,0.32,21.5,15.6,10.3,0.226,0.273,0.303,19.2
 Bryce,Harper,547180,PHI,FF,4-Seam Fastball,2.5,7,286,23.9,77,0.267,0.617,0.432,23.7,24.7,18.3,0.315,0.651,0.464,52.4
 Troy,Johnston,687859,COL,FF,4-Seam Fastball,0.1,0,368,39.4,77,0.317,0.365,0.375,29.1,23.4,18,0.272,0.363,0.352,40
 Michael,Massey,686681,KC,FF,4-Seam Fastball,-0.1,0,246,38.9,76,0.25,0.458,0.307,17.9,17.1,16.9,0.207,0.387,0.262,37.7
 Brandon,Lowe,664040,PIT,FF,4-Seam Fastball,3.3,12,351,28.2,76,0.297,0.75,0.474,35.5,30.3,19.5,0.261,0.722,0.452,51.2
 Jordan,Walker,691023,STL,FF,4-Seam Fastball,0.5,1,264,24.1,76,0.264,0.542,0.349,18.1,26.3,22,0.278,0.555,0.371,58.5
 Dillon,Dingler,693307,DET,FF,4-Seam Fastball,0.8,3,302,28.3,76,0.258,0.47,0.35,18.7,21.1,18.6,0.313,0.621,0.427,51
 Brooks,Lee,686797,MIN,FF,4-Seam Fastball,0.9,2,256,24.6,76,0.254,0.537,0.378,22.7,26.3,23.3,0.232,0.367,0.299,31.3
 Kyle,Stowers,669065,MIA,FF,4-Seam Fastball,-0.5,-1,282,34.6,75,0.232,0.377,0.296,29.6,22.7,16.8,0.246,0.467,0.334,55.8
 Salvador,Perez,521692,KC,FF,4-Seam Fastball,-0.6,-2,301,27.7,74,0.235,0.382,0.282,23.6,27,18,0.272,0.512,0.35,56
 Ozzie,Albies,645277,ATL,FF,4-Seam Fastball,0.1,0,283,25.1,74,0.279,0.508,0.351,17.6,14.9,13.6,0.301,0.541,0.379,49.1
 Gunnar,Henderson,683002,BAL,FF,4-Seam Fastball,-1.4,-5,331,24.9,74,0.125,0.281,0.253,20.6,23,19.5,0.213,0.368,0.308,53.2
 Daulton,Varsho,662139,TOR,FF,4-Seam Fastball,-1,-3,288,32.2,74,0.215,0.446,0.328,23.3,31.1,26.4,0.237,0.391,0.32,59.5
 Xander,Bogaerts,593428,SD,FF,4-Seam Fastball,-0.2,-1,261,24.6,74,0.222,0.397,0.331,16.7,14.9,13.6,0.241,0.475,0.356,39.6
 CJ,Abrams,682928,WSH,FF,4-Seam Fastball,3.3,11,340,28.7,74,0.397,0.672,0.511,25.7,14.9,11.5,0.323,0.564,0.437,39.6
 Josh,Jung,673962,TEX,FF,4-Seam Fastball,1.5,4,247,24,74,0.281,0.531,0.404,16.5,21.6,19.3,0.272,0.46,0.364,52.1
 Jake,Burger,669394,TEX,FF,4-Seam Fastball,-1.9,-5,246,23.4,73,0.179,0.284,0.24,25.8,24.7,24.3,0.207,0.334,0.27,59.2
 Ronald,Acuña Jr.,660670,ATL,FF,4-Seam Fastball,-1.3,-4,304,31.8,73,0.123,0.14,0.245,35.9,32.9,22.2,0.15,0.258,0.288,36.4
 Tristan,Peters,671976,CWS,FF,4-Seam Fastball,0.4,1,257,34.4,73,0.29,0.484,0.378,24.8,17.8,16.7,0.262,0.443,0.347,28.8
 Andrés,Giménez,665926,TOR,FF,4-Seam Fastball,-0.7,-2,334,36.2,73,0.224,0.433,0.312,24.9,23.3,18.9,0.183,0.275,0.239,26
 Nolan,Schanuel,694384,LAA,FF,4-Seam Fastball,0.1,0,296,31.6,73,0.292,0.477,0.37,11.9,17.8,16.9,0.306,0.454,0.368,38.5
 Max,Muncy,571970,LAD,FF,4-Seam Fastball,3.6,9,262,25.1,73,0.356,0.712,0.498,18.3,17.8,15.1,0.341,0.722,0.495,67.4
 William,Contreras,661388,MIL,FF,4-Seam Fastball,-0.3,-1,260,25.6,73,0.226,0.419,0.362,16.5,11,11.9,0.252,0.477,0.367,51.9
 Nolan,Gorman,669357,STL,FF,4-Seam Fastball,1.3,4,324,34.2,73,0.259,0.534,0.399,34.8,28.8,19.8,0.21,0.471,0.361,55.3
 Jake,Bauers,641343,MIL,FF,4-Seam Fastball,2.5,7,263,25.8,72,0.359,0.656,0.443,16.7,20.8,16.5,0.309,0.568,0.409,55.1
 Shea,Langeliers,669127,ATH,FF,4-Seam Fastball,2.2,6,281,25.4,72,0.25,0.656,0.413,24.3,27.8,23.5,0.275,0.687,0.424,48.9
 Otto,Lopez,672640,MIA,FF,4-Seam Fastball,0.9,3,272,24,72,0.375,0.531,0.417,7.2,6.9,8.8,0.356,0.57,0.421,58.3
 David,Hamilton,666152,MIL,FF,4-Seam Fastball,0.3,1,255,32.2,72,0.224,0.414,0.344,11.8,13.9,15.2,0.208,0.36,0.32,36
 Carter,Jensen,695600,KC,FF,4-Seam Fastball,-0.4,-1,361,34.7,72,0.2,0.4,0.308,30.8,30.6,22.2,0.177,0.324,0.278,45
 Marcell,Ozuna,542303,PIT,FF,4-Seam Fastball,-0.6,-2,275,29.7,72,0.238,0.413,0.331,17.5,16.7,14.3,0.316,0.59,0.422,43.1
 Taylor,Walls,670764,TB,FF,4-Seam Fastball,-1.4,-4,296,38.5,72,0.22,0.339,0.302,17.3,19.4,17.3,0.168,0.25,0.251,27.1
 Ernie,Clement,676391,TOR,FF,4-Seam Fastball,1.5,3,234,26.3,72,0.319,0.551,0.401,11.9,5.6,9.8,0.233,0.322,0.258,26.2
 Kody,Clemens,665019,MIN,FF,4-Seam Fastball,0.2,1,311,34.1,71,0.246,0.475,0.356,27.5,22.5,18.8,0.193,0.357,0.293,43.5
 Adolis,García,666969,PHI,FF,4-Seam Fastball,-0.9,-3,337,31.1,70,0.226,0.29,0.294,34.2,35.7,20.3,0.232,0.366,0.306,56.8
 Cal,Raleigh,663728,SEA,FF,4-Seam Fastball,-2.4,-7,302,36.4,70,0.115,0.23,0.216,33.7,34.3,20,0.141,0.301,0.252,29.7
 Nathaniel,Lowe,663993,CIN,FF,4-Seam Fastball,-1.2,-4,345,45.8,70,0.234,0.281,0.276,18.2,20,14.6,0.297,0.449,0.353,34
 Oswald,Peraza,672724,LAA,FF,4-Seam Fastball,0.6,1,237,28.9,70,0.226,0.387,0.324,30,30,25,0.24,0.371,0.307,47.6
 Victor,Caratini,605170,MIN,FF,4-Seam Fastball,-0.8,-2,233,32.1,69,0.18,0.295,0.278,17,18.8,23.6,0.243,0.368,0.311,36.7
 Colt,Keith,690993,DET,FF,4-Seam Fastball,-2.3,-6,259,34.1,69,0.258,0.29,0.29,10.8,18.8,24.1,0.287,0.421,0.343,49
 Jacob,Young,696285,WSH,FF,4-Seam Fastball,1,3,283,30.8,69,0.238,0.492,0.354,15,18.8,18.3,0.271,0.45,0.342,46
 Christian,Vázquez,543877,HOU,FF,4-Seam Fastball,-1.4,-3,232,36.1,69,0.23,0.393,0.304,18.3,14.5,14.7,0.215,0.298,0.265,18.9
 TJ,Friedl,670770,CIN,FF,4-Seam Fastball,-2.3,-6,264,40.1,68,0.197,0.279,0.255,17.9,22.1,22.4,0.176,0.242,0.228,25.5
 Sam,Antonacci,803011,CWS,FF,4-Seam Fastball,1.5,5,319,37.1,68,0.34,0.491,0.457,15,11.8,10.7,0.355,0.538,0.442,45.7
 Luke,Raley,670042,SEA,FF,4-Seam Fastball,2.5,6,230,28.5,68,0.288,0.678,0.45,39.1,27.9,24.1,0.301,0.707,0.455,58.5
 Nolan,Arenado,571448,AZ,FF,4-Seam Fastball,0.1,0,267,25.3,67,0.254,0.508,0.366,14.4,13.4,12,0.287,0.526,0.387,40
 Lane,Thomas,657041,KC,FF,4-Seam Fastball,-0.2,0,245,32.4,67,0.212,0.404,0.359,17.1,22.4,17.2,0.179,0.346,0.329,45.9
 Juan,Soto,665742,NYM,FF,4-Seam Fastball,4.4,10,219,23.7,67,0.328,0.721,0.455,18.5,13.4,14.1,0.322,0.79,0.486,50
 Nick,Gonzales,693304,PIT,FF,4-Seam Fastball,-0.1,0,258,25.2,67,0.3,0.35,0.32,22.6,20.9,18.4,0.304,0.426,0.345,44.7
 Luke,Keaschall,807712,MIN,FF,4-Seam Fastball,0.3,1,253,24.4,67,0.283,0.5,0.363,13.7,17.9,18.2,0.239,0.398,0.298,38
 Connor,Norby,681393,MIA,FF,4-Seam Fastball,0,0,248,29.3,67,0.2,0.345,0.329,32.8,35.8,28.2,0.16,0.356,0.303,51.6
 Spencer,Steer,668715,CIN,FF,4-Seam Fastball,0.9,3,300,26.9,66,0.196,0.482,0.35,28.2,31.8,20.8,0.219,0.503,0.363,48.6
 José,Caballero,676609,NYY,FF,4-Seam Fastball,-0.9,-2,262,30.4,66,0.226,0.339,0.272,30.3,34.8,23.5,0.2,0.301,0.245,41
 Richie,Palacios,680700,TB,FF,4-Seam Fastball,-0.4,-1,232,35,66,0.213,0.255,0.338,18.4,18.2,20.3,0.21,0.268,0.341,27.8
 Junior,Caminero,691406,TB,FF,4-Seam Fastball,1.8,5,260,21.6,66,0.345,0.636,0.464,23.7,19.7,18.6,0.313,0.618,0.442,69
 Brice,Matthews,694728,HOU,FF,4-Seam Fastball,-0.8,-2,269,35.5,66,0.271,0.407,0.331,36.6,34.8,23,0.259,0.421,0.329,51.4
 Caleb,Durbin,702332,BOS,FF,4-Seam Fastball,-1,-2,193,24.2,66,0.214,0.375,0.312,8.8,19.7,24.1,0.224,0.373,0.318,36.4
 Jesús,Sánchez,660821,TOR,FF,4-Seam Fastball,0.2,1,273,34.1,66,0.3,0.467,0.337,24.5,25.8,19.8,0.278,0.471,0.333,43.5
 Seiya,Suzuki,673548,CHC,FF,4-Seam Fastball,0.5,1,272,26,66,0.273,0.509,0.382,22.1,25.8,18.3,0.23,0.447,0.344,56.4
 Joc,Pederson,592626,TEX,FF,4-Seam Fastball,1,3,271,31.1,66,0.278,0.5,0.398,25.6,18.2,17.4,0.287,0.507,0.404,59.5
 Jose,Altuve,514888,HOU,FF,4-Seam Fastball,0.8,1,170,20.8,65,0.271,0.441,0.342,24.4,29.2,30.2,0.257,0.389,0.316,50
 Gleyber,Torres,650402,DET,FF,4-Seam Fastball,0.8,2,262,32.2,65,0.231,0.404,0.359,25,23.1,16.5,0.251,0.463,0.373,55.3
 Lawrence,Butler,671732,ATH,FF,4-Seam Fastball,-2,-6,283,34.9,65,0.172,0.276,0.261,31.3,29.2,19.6,0.246,0.36,0.309,59
 Jac,Caglianone,695506,KC,FF,4-Seam Fastball,1.8,4,239,24,64,0.316,0.579,0.415,26.4,34.4,30.1,0.305,0.586,0.412,68.6
 Gabriel,Moreno,672515,AZ,FF,4-Seam Fastball,0.7,2,238,29.3,64,0.245,0.49,0.379,18.6,20.3,14.9,0.257,0.482,0.403,50
 Will,Smith,669257,LAD,FF,4-Seam Fastball,0.6,2,269,31.4,64,0.235,0.431,0.368,16.1,17.2,11.7,0.291,0.656,0.458,62.5
 Samuel,Basallo,694212,BAL,FF,4-Seam Fastball,-0.3,-1,208,26.3,64,0.288,0.475,0.355,27.6,21.9,26.9,0.281,0.517,0.366,60
 Travis,Bazzana,683953,CLE,FF,4-Seam Fastball,-0.5,-1,239,33.6,63,0.228,0.386,0.306,16.1,14.3,13.2,0.223,0.347,0.277,34.7
 Andrew,Benintendi,643217,CWS,FF,4-Seam Fastball,1.5,3,231,26.4,63,0.273,0.564,0.394,26.2,23.8,22.1,0.235,0.515,0.348,57.1
 George,Springer,543807,TOR,FF,4-Seam Fastball,0.8,2,252,27.3,63,0.24,0.48,0.374,24.2,14.3,10.5,0.214,0.426,0.35,45.2
 Rhys,Hoskins,656555,CLE,FF,4-Seam Fastball,-0.5,-1,255,29.2,63,0.176,0.333,0.311,25.8,27,19.8,0.191,0.319,0.299,40
 Kyle,Manzardo,700932,CLE,FF,4-Seam Fastball,0.3,1,296,31.8,62,0.264,0.358,0.334,26.8,32.3,20.4,0.254,0.375,0.333,51.5
 Justin,Crawford,702222,PHI,FF,4-Seam Fastball,-0.8,-3,336,40,62,0.293,0.397,0.327,21.1,25.8,15.8,0.209,0.296,0.25,38.1
 Edouard,Julien,666397,COL,FF,4-Seam Fastball,-0.1,0,291,35,62,0.264,0.283,0.325,10,14.5,12.7,0.319,0.461,0.389,54.5
 Drake,Baldwin,686948,ATL,FF,4-Seam Fastball,3.6,9,242,28,62,0.315,0.667,0.449,15.6,21,16,0.348,0.723,0.483,65.9
 Tyler,Stephenson,663886,CIN,FF,4-Seam Fastball,-1.3,-3,244,30.3,61,0.245,0.302,0.294,26.2,26.2,25,0.285,0.48,0.371,47.4
 J.T.,Realmuto,592663,PHI,FF,4-Seam Fastball,-1.4,-3,203,29,61,0.189,0.283,0.284,17.3,19.7,16.2,0.229,0.378,0.316,36.6
 Edgar,Quero,700337,CWS,FF,4-Seam Fastball,-3.5,-8,239,39.8,61,0.151,0.226,0.206,33.6,34.4,30.9,0.193,0.309,0.252,40
 Luis,García Jr.,671277,WSH,FF,4-Seam Fastball,0.3,1,205,24.4,61,0.246,0.456,0.358,14.8,9.8,9.8,0.297,0.535,0.376,49
 Masataka,Yoshida,807799,BOS,FF,4-Seam Fastball,-0.5,-1,204,35.4,61,0.294,0.333,0.336,4.9,4.9,8.3,0.25,0.332,0.318,42.9
 Ben,Rice,700250,NYY,FF,4-Seam Fastball,6.5,16,249,21.2,61,0.42,1.1,0.656,22.7,19.7,16.7,0.363,0.924,0.553,64.1
 Curtis,Mead,678554,WSH,FF,4-Seam Fastball,0.1,0,256,28,61,0.222,0.389,0.325,13.3,21.3,14.4,0.256,0.474,0.355,41.5
 Ben,Williamson,810938,TB,FF,4-Seam Fastball,-0.7,-2,244,35.1,61,0.245,0.358,0.319,7.4,16.4,13.7,0.258,0.384,0.331,48.8
 Zack,Gelof,680869,ATH,FF,4-Seam Fastball,-0.7,-2,234,28.8,61,0.214,0.518,0.35,31.3,34.4,25,0.178,0.362,0.266,51.4
 Zach,McKinstry,656716,DET,FF,4-Seam Fastball,-2.2,-6,261,40.3,60,0.16,0.24,0.236,13.6,20,14.6,0.169,0.24,0.229,23.8
 Carlos,Cortes,666126,ATH,FF,4-Seam Fastball,0.2,1,251,30.7,60,0.34,0.46,0.408,13,10,7.9,0.328,0.498,0.411,36.4
 Angel,Martínez,682657,CLE,FF,4-Seam Fastball,-1.9,-5,262,29.1,59,0.137,0.294,0.254,12.4,20.3,13.3,0.234,0.4,0.318,45
 Wenceel,Pérez,672761,DET,FF,4-Seam Fastball,-1.6,-3,219,33.5,59,0.154,0.269,0.242,15.5,20.3,18.8,0.192,0.326,0.277,35
 Ryan,McMahon,641857,NYY,FF,4-Seam Fastball,0.2,1,285,37,59,0.278,0.463,0.343,20.9,27.1,20,0.279,0.527,0.366,43.6
 Jorge,Soler,624585,LAA,FF,4-Seam Fastball,-0.3,-1,239,24.4,59,0.189,0.434,0.303,34.7,35.6,25.6,0.164,0.315,0.253,56.3
 Ramón,Laureano,657656,SD,FF,4-Seam Fastball,0.9,2,267,31.5,59,0.234,0.426,0.364,25.6,28.8,19.3,0.295,0.581,0.436,63.3
 Austin,Wells,669224,NYY,FF,4-Seam Fastball,0.5,1,208,30.1,58,0.213,0.426,0.339,20,17.2,15.4,0.208,0.39,0.327,44.7
 Carson,Kelly,608348,CHC,FF,4-Seam Fastball,0.3,1,231,31.7,58,0.3,0.34,0.341,9.7,12.1,10.6,0.251,0.405,0.337,46.5
 Ezequiel,Duran,677649,TEX,FF,4-Seam Fastball,-1.3,-3,263,29.5,57,0.157,0.275,0.238,35.9,33.3,19.6,0.192,0.326,0.271,40.6
 Drew,Gilbert,687551,SF,FF,4-Seam Fastball,1,2,196,31.9,57,0.283,0.478,0.41,23.5,15.8,15.3,0.25,0.35,0.332,38.5
 Brent,Rooker,667670,ATH,FF,4-Seam Fastball,1.7,3,172,23.6,57,0.188,0.583,0.362,36,38.6,31.4,0.191,0.521,0.353,55.6
 Kyle,Isbel,664728,KC,FF,4-Seam Fastball,-0.2,-1,265,40.1,57,0.347,0.531,0.408,14.5,21.1,19.7,0.214,0.325,0.274,25
 Owen,Caissie,683357,MIA,FF,4-Seam Fastball,-0.4,-1,277,33.3,56,0.208,0.458,0.326,29.2,39.3,25.6,0.193,0.431,0.312,59.3
 Matt,Vierling,663837,DET,FF,4-Seam Fastball,-3.1,-7,244,31.7,55,0.122,0.163,0.204,20.2,23.6,17.1,0.198,0.378,0.293,44.4
 Brandon,Valenzuela,678218,TOR,FF,4-Seam Fastball,-1.5,-3,227,38.3,55,0.191,0.298,0.261,19.7,21.8,15,0.239,0.397,0.319,37.8
 Daniel,Schneemann,682177,CLE,FF,4-Seam Fastball,0,0,228,28.3,55,0.224,0.531,0.355,23.1,29.1,21.3,0.242,0.546,0.371,45.5
 Paul,Goldschmidt,502671,NYY,FF,4-Seam Fastball,5.5,9,164,22.7,55,0.396,0.938,0.558,17.4,12.7,11.7,0.318,0.665,0.44,42.9
 Luis,Rengifo,650859,MIL,FF,4-Seam Fastball,0.3,1,236,29.9,55,0.298,0.362,0.35,13.2,12.7,10.8,0.288,0.367,0.345,42.5
 Danny,Jansen,643376,TEX,FF,4-Seam Fastball,-1.6,-3,200,35.1,55,0.119,0.238,0.28,26.3,27.3,20.5,0.149,0.267,0.299,37
 Marcelo,Mayer,691785,BOS,FF,4-Seam Fastball,-0.2,0,211,28.2,54,0.319,0.404,0.387,14.7,13,15.9,0.248,0.35,0.318,34.1
 Michael,Harris II,671739,ATL,FF,4-Seam Fastball,1.2,3,247,26.6,54,0.319,0.532,0.407,20.9,14.8,11.9,0.275,0.504,0.379,51.3
 Dominic,Canzone,686527,SEA,FF,4-Seam Fastball,1.3,2,175,24.6,54,0.3,0.62,0.409,21.4,16.7,16.1,0.357,0.676,0.454,65.9
 Aaron,Judge,592450,NYY,FF,4-Seam Fastball,1.1,3,275,24.7,53,0.214,0.548,0.394,27,32.1,17.2,0.286,0.684,0.466,72
 Dominic,Smith,642086,ATL,FF,4-Seam Fastball,2.1,4,184,28.3,53,0.4,0.622,0.463,7.2,7.5,6.6,0.396,0.644,0.47,39.5
 Tyler,Freeman,671289,COL,FF,4-Seam Fastball,1,2,211,32.6,53,0.383,0.532,0.427,11,11.3,10.3,0.305,0.381,0.336,33.3
 Eugenio,Suárez,553993,CIN,FF,4-Seam Fastball,-0.4,-1,224,30.5,53,0.213,0.362,0.284,36.5,34,21.4,0.172,0.366,0.267,26.7
 Nathan,Church,701675,STL,FF,4-Seam Fastball,-1.5,-4,284,39.7,53,0.255,0.298,0.296,22.4,30.2,16.8,0.249,0.375,0.317,38.7
 Blaze,Alexander,677942,BAL,FF,4-Seam Fastball,-0.3,-1,252,37.6,52,0.273,0.455,0.35,33.1,28.8,15,0.283,0.524,0.378,54.8
 Nick,Fortes,663743,TB,FF,4-Seam Fastball,-0.8,-1,165,26.6,52,0.298,0.404,0.343,13.9,15.4,15.4,0.223,0.325,0.281,56.4
 Vladimir,Guerrero Jr.,665489,TOR,FF,4-Seam Fastball,1.3,3,249,23.5,51,0.326,0.488,0.392,17.5,13.7,8.4,0.316,0.435,0.371,48.6
 Mark,Vientos,668901,NYM,FF,4-Seam Fastball,-1,-2,199,26.2,51,0.217,0.283,0.253,26.1,23.5,19,0.255,0.45,0.324,48.6
 Victor,Scott II,687363,STL,FF,4-Seam Fastball,-1.6,-4,231,33.8,51,0.195,0.244,0.281,20.9,21.6,19,0.182,0.259,0.275,25
 Jared,Triolo,669707,PIT,FF,4-Seam Fastball,-2,-4,180,32.4,51,0.239,0.261,0.279,15.9,25.5,23.2,0.237,0.33,0.281,38.2
 Coby,Mayo,691723,BAL,FF,4-Seam Fastball,-0.3,-1,191,23.9,50,0.231,0.385,0.359,16.7,28,19.7,0.264,0.423,0.383,48
 Alex,Freeland,690976,LAD,FF,4-Seam Fastball,0.8,2,223,32.5,50,0.326,0.512,0.398,21,18,17.6,0.289,0.466,0.358,52.8
 Brady,House,691781,WSH,FF,4-Seam Fastball,-0.8,-1,181,27.4,50,0.191,0.447,0.309,42.3,46,35.4,0.232,0.532,0.343,58.3
 MJ,Melendez,669004,NYM,FF,4-Seam Fastball,-0.1,0,214,40.4,50,0.214,0.476,0.347,33.6,34,23.6,0.136,0.275,0.249,57.7
 Jorbit,Vivas,678391,WSH,FF,4-Seam Fastball,0.9,2,179,33.7,50,0.279,0.395,0.35,7.2,8,10,0.262,0.369,0.332,23.1
 Miguel,Andujar,609280,SD,FF,4-Seam Fastball,-2.7,-4,157,21.1,50,0.2,0.378,0.289,12.3,16,13.6,0.235,0.388,0.309,35.1
 Nick,Loftin,679845,KC,FF,4-Seam Fastball,-0.6,-1,157,32.2,49,0.237,0.474,0.352,6.9,12.2,14,0.22,0.367,0.325,34.3
 Corey,Seager,608369,TEX,FF,4-Seam Fastball,0.1,0,191,25.3,49,0.15,0.375,0.292,34.7,34.7,28.3,0.135,0.39,0.296,45.8
 Jackson,Chourio,694192,MIL,FF,4-Seam Fastball,1.1,2,198,29.5,49,0.289,0.533,0.395,27.2,32.7,23.9,0.254,0.494,0.348,51.7
 Moisés,Ballesteros,694208,CHC,FF,4-Seam Fastball,-1.8,-3,182,27.6,49,0.119,0.286,0.234,40.7,38.8,32.8,0.193,0.383,0.295,58.3
 Teoscar,Hernández,606192,LAD,FF,4-Seam Fastball,-0.9,-2,213,25.6,49,0.238,0.357,0.306,22.9,22.4,15.7,0.294,0.47,0.367,46.9
 Joey,Ortiz,687401,MIL,FF,4-Seam Fastball,-0.8,-2,200,30.3,48,0.222,0.25,0.324,16.3,20.8,17.5,0.194,0.249,0.311,37
 Mickey,Moniak,666160,COL,FF,4-Seam Fastball,3.2,5,153,26.6,48,0.304,0.587,0.39,22.8,25,27.3,0.232,0.456,0.307,38.2
 Jorge,Barrosa,678489,AZ,FF,4-Seam Fastball,-3.3,-6,185,38.1,47,0.093,0.209,0.162,22.9,23.4,19.6,0.138,0.17,0.171,15.2
 Ke'Bryan,Hayes,663647,CIN,FF,4-Seam Fastball,-2.9,-4,129,30.7,47,0.15,0.175,0.251,12.1,8.5,10.8,0.259,0.411,0.348,41.7
 Colton,Cowser,681297,BAL,FF,4-Seam Fastball,-1.5,-3,189,25.3,47,0.189,0.324,0.321,21.8,14.9,13,0.242,0.565,0.414,50
 Dalton,Rushing,687221,LAD,FF,4-Seam Fastball,2.2,4,162,31.5,46,0.289,0.526,0.427,34.2,30.4,35,0.277,0.405,0.363,50
 Leo,Rivas,660844,SEA,FF,4-Seam Fastball,-2.6,-5,193,36.1,46,0.111,0.111,0.204,11.6,28.3,23.6,0.148,0.262,0.263,24
 Javier,Sanoja,691594,MIA,FF,4-Seam Fastball,-1.6,-2,151,25.3,46,0.22,0.317,0.284,12.3,8.7,10.3,0.229,0.311,0.284,40.5
 Jake,Mangum,663968,PIT,FF,4-Seam Fastball,0.8,2,240,39,46,0.343,0.486,0.444,22.5,26.1,14.5,0.245,0.36,0.346,38.5
 Konnor,Griffin,804606,PIT,FF,4-Seam Fastball,0.3,1,188,23.6,45,0.216,0.486,0.373,30,42.2,29.2,0.164,0.356,0.306,33.3
 Patrick,Bailey,672275,CLE,FF,4-Seam Fastball,-3,-6,191,32,45,0.19,0.286,0.239,25.5,37.8,27.9,0.199,0.389,0.278,60
 JJ,Bleday,668709,CIN,FF,4-Seam Fastball,2.9,5,177,23,45,0.222,0.611,0.391,10.3,11.1,9.6,0.302,0.773,0.506,42.4
 Kerry,Carpenter,681481,DET,FF,4-Seam Fastball,2.8,5,179,27,44,0.263,0.632,0.4,28.9,31.8,23.7,0.204,0.414,0.305,60
 Keibert,Ruiz,660688,WSH,FF,4-Seam Fastball,0.1,0,140,27.4,44,0.262,0.571,0.364,8.8,4.5,6.7,0.238,0.431,0.302,40
 Bryce,Eldridge,805811,SF,FF,4-Seam Fastball,5.3,7,138,25.3,43,0.314,0.8,0.505,13.4,14,11.3,0.326,0.898,0.544,72.4
 Darell,Hernaiz,687231,ATH,FF,4-Seam Fastball,0,0,181,34.9,43,0.257,0.314,0.317,20.6,16.3,10.6,0.221,0.269,0.285,26.7
 Gary,Sánchez,596142,MIL,FF,4-Seam Fastball,4,6,148,26.3,43,0.333,0.667,0.486,18.3,11.6,12.2,0.28,0.615,0.453,32.1
 Heriberto,Hernández,681715,MIA,FF,4-Seam Fastball,-1,-2,151,26.6,43,0.189,0.351,0.278,24.3,18.6,19,0.301,0.555,0.411,73.3
 Henry,Davis,680779,PIT,FF,4-Seam Fastball,-2.2,-3,153,28.1,43,0.086,0.229,0.256,32.9,34.9,27.3,0.118,0.282,0.267,50
 Miguel,Rojas,500743,LAD,FF,4-Seam Fastball,1.1,1,130,29.1,43,0.308,0.487,0.358,12.3,14,20,0.338,0.491,0.372,50
 Mookie,Betts,605141,LAD,FF,4-Seam Fastball,1.8,3,168,25.9,43,0.2,0.575,0.364,5.1,9.3,10.5,0.263,0.517,0.354,44.4
 Alejandro,Osuna,696030,TEX,FF,4-Seam Fastball,-1.5,-3,175,41.4,43,0.156,0.156,0.305,13.3,11.6,14.3,0.281,0.355,0.384,44.4
 Myles,Straw,664702,TOR,FF,4-Seam Fastball,0,0,166,32.3,43,0.306,0.444,0.362,10.1,9.3,10.8,0.332,0.521,0.398,35.3
 Trevor,Story,596115,BOS,FF,4-Seam Fastball,-1.2,-2,194,29.6,43,0.225,0.3,0.262,30.2,41.9,25.7,0.222,0.258,0.243,50
 Ryan,Vilade,668723,TB,FF,4-Seam Fastball,-0.4,-1,194,36.8,43,0.216,0.351,0.295,27.9,32.6,19.7,0.178,0.271,0.238,24
 Nathan,Lukes,664770,TOR,FF,4-Seam Fastball,0.3,1,186,33.8,42,0.361,0.389,0.401,19.4,19,12.3,0.294,0.354,0.333,34.5
 Yoán,Moncada,660162,LAA,FF,4-Seam Fastball,0,0,186,33.7,42,0.219,0.281,0.333,19.4,28.6,19,0.169,0.237,0.299,40
 Christian,Yelich,592885,MIL,FF,4-Seam Fastball,-0.2,0,213,27,42,0.316,0.447,0.365,24,26.2,15.9,0.243,0.366,0.304,48.1
 Ryan,Jeffers,680777,MIN,FF,4-Seam Fastball,-0.9,-1,158,25,42,0.229,0.429,0.331,11,16.7,13.7,0.225,0.426,0.359,51.7
 Francisco,Lindor,596019,NYM,FF,4-Seam Fastball,-1.1,-2,168,36.7,42,0.2,0.371,0.319,18.2,11.9,10,0.269,0.519,0.395,46.7
 Jake,Meyers,676694,HOU,FF,4-Seam Fastball,0,0,152,34,42,0.282,0.41,0.35,12.1,14.3,14.6,0.23,0.38,0.29,39.4
 Will,Benson,666181,CIN,FF,4-Seam Fastball,-0.9,-1,142,30.1,41,0.222,0.5,0.367,21.9,24.4,22.2,0.217,0.526,0.359,42.3
 A.J.,Ewing,805999,NYM,FF,4-Seam Fastball,0.6,1,177,31,41,0.25,0.438,0.374,10.7,19.5,13.1,0.287,0.54,0.42,48
 Drew,Millas,686452,WSH,FF,4-Seam Fastball,0.3,0,163,35.5,41,0.235,0.353,0.386,15.3,14.6,15,0.28,0.368,0.346,37.9
 José,Tena,677588,WSH,FF,4-Seam Fastball,1.1,2,175,30.3,41,0.194,0.417,0.332,25.6,22,17.6,0.236,0.46,0.344,44.4
 Davis,Schneider,676914,TOR,FF,4-Seam Fastball,-1.2,-2,181,39.7,41,0.097,0.194,0.269,41.4,34.1,25.5,0.106,0.218,0.277,35.3
 Dylan,Beavers,687637,BAL,FF,4-Seam Fastball,0.3,0,160,32.1,41,0.25,0.444,0.35,13.6,19.5,16.7,0.293,0.561,0.385,41.4
 Matt,Wallner,670242,MIN,FF,4-Seam Fastball,-2.7,-5,191,34,41,0.139,0.222,0.222,43.3,41.5,23.9,0.157,0.229,0.231,31.6
 Adrian,Del Castillo,680728,AZ,FF,4-Seam Fastball,-0.7,-1,176,30.3,41,0.205,0.385,0.294,30.7,31.7,21,0.192,0.426,0.281,50
 Mitch,Garver,641598,SEA,FF,4-Seam Fastball,-0.5,-1,141,31,40,0.242,0.333,0.33,22.2,25,18.2,0.189,0.426,0.336,52.2
 Freddy,Fermin,666023,SD,FF,4-Seam Fastball,-0.8,-2,187,32.3,40,0.147,0.294,0.274,20.4,20,13.1,0.197,0.315,0.281,29.6
 Jake,Cronenworth,630105,SD,FF,4-Seam Fastball,-0.6,-1,189,38.9,40,0.242,0.364,0.339,9.8,7.5,4.6,0.301,0.483,0.4,36.7
 Michael,Conforto,624424,CHC,FF,4-Seam Fastball,1.1,2,159,33.2,40,0.229,0.457,0.339,29.2,32.5,25,0.216,0.392,0.313,59.1
 Yohendrick,Piñango,682818,TOR,FF,4-Seam Fastball,-1.2,-2,170,34.8,40,0.333,0.361,0.349,17.3,10,7.8,0.336,0.471,0.384,46.9
 Tristan,Gray,656484,MIN,FF,4-Seam Fastball,-0.5,-1,184,33.3,40,0.353,0.412,0.362,22,22.5,16.7,0.323,0.412,0.36,50
 Jacob,Wilson,805779,ATH,FF,4-Seam Fastball,-2.2,-4,173,26.4,40,0.194,0.222,0.219,19,25,20,0.188,0.255,0.225,22.2
 Logan,O'Hoppe,681351,LAA,FF,4-Seam Fastball,0.8,1,172,26.8,40,0.278,0.5,0.368,19.2,17.5,13.7,0.265,0.616,0.402,58.6
 Josh,Lowe,666139,LAA,FF,4-Seam Fastball,1,2,184,32.7,40,0.324,0.514,0.386,30.9,40,20.8,0.224,0.397,0.297,52.4
 Taylor,Trammell,666211,HOU,FF,4-Seam Fastball,-1,-1,120,38.7,39,0.257,0.343,0.306,36.2,35.9,34.1,0.21,0.357,0.289,42.9
 Carlos,Narváez,665966,BOS,FF,4-Seam Fastball,-1.9,-4,190,34.4,39,0.094,0.156,0.213,29.5,43.6,23.3,0.132,0.214,0.246,40
 Wyatt,Langford,694671,TEX,FF,4-Seam Fastball,-2.5,-4,166,32,39,0.184,0.263,0.208,21.6,30.8,22.6,0.162,0.26,0.194,19.2
 David,Fry,681807,CLE,FF,4-Seam Fastball,-0.4,0,136,26.6,39,0.2,0.333,0.337,30.4,28.2,25,0.165,0.231,0.292,47.4
 Heliot,Ramos,671218,SF,FF,4-Seam Fastball,0.3,1,211,29.8,39,0.27,0.459,0.354,31,38.5,18.1,0.258,0.443,0.32,45.5
 Miguel,Amaya,665804,CHC,FF,4-Seam Fastball,0.8,1,144,28,39,0.314,0.486,0.404,17.6,20.5,16.3,0.232,0.442,0.328,44.4
 Tyler,O'Neill,641933,BAL,FF,4-Seam Fastball,-2.7,-4,131,23.6,38,0.147,0.265,0.23,20.3,15.8,13.6,0.213,0.364,0.294,46.4
 José,Fermín,665877,STL,FF,4-Seam Fastball,-1.5,-2,144,31.6,38,0.206,0.412,0.307,13.2,13.2,10.4,0.141,0.243,0.22,20.7
 Andrew,McCutchen,457705,TEX,FF,4-Seam Fastball,-2.4,-3,123,34.6,38,0.152,0.242,0.221,26.7,28.9,26.2,0.18,0.287,0.247,26.1
 Royce,Lewis,668904,MIN,FF,4-Seam Fastball,-1.5,-2,156,24.3,37,0.129,0.323,0.251,36.1,37.8,26.4,0.131,0.324,0.274,44.4
 Jonny,DeLuca,676356,TB,FF,4-Seam Fastball,-1.6,-2,138,29.7,37,0.235,0.324,0.28,31.5,29.7,26.2,0.204,0.251,0.238,34.8
 Alex,Call,669743,LAD,FF,4-Seam Fastball,1.9,3,160,34,37,0.357,0.536,0.461,21.1,8.1,6.5,0.301,0.352,0.385,28
 Matt,Shaw,807713,CHC,FF,4-Seam Fastball,1.6,2,125,26.7,37,0.294,0.618,0.407,24.7,27,19.6,0.24,0.445,0.322,54.2
 Andruw,Monasterio,655316,BOS,FF,4-Seam Fastball,-0.1,0,152,29.9,37,0.273,0.515,0.372,22.4,32.4,20.3,0.195,0.373,0.29,42.9
 Josh,Smith,669701,TEX,FF,4-Seam Fastball,-2.7,-4,130,30.2,37,0.212,0.212,0.227,13.2,8.1,7.7,0.227,0.332,0.28,35.5
 Austin,Hedges,595978,CLE,FF,4-Seam Fastball,1,1,136,31.8,36,0.379,0.483,0.413,18.8,8.3,7.5,0.314,0.405,0.359,32.1
 Isiah,Kiner-Falefa,643396,BOS,FF,4-Seam Fastball,-1.4,-2,129,27.7,36,0.207,0.241,0.293,10,16.7,14.3,0.221,0.257,0.295,16.7
 Jonah,Heim,641680,ATH,FF,4-Seam Fastball,0,0,143,38.2,36,0.3,0.367,0.386,20.3,22.2,28.6,0.22,0.316,0.31,27.3
 Jeremy,Peña,665161,HOU,FF,4-Seam Fastball,1.9,3,155,25,36,0.355,0.516,0.422,14.9,13.9,9.6,0.377,0.595,0.454,34.6
 Vaughn,Grissom,687093,LAA,FF,4-Seam Fastball,-0.3,-1,181,29.1,36,0.214,0.536,0.357,21.1,16.7,11.8,0.224,0.504,0.391,54.2
 Pedro,Pagés,686780,STL,FF,4-Seam Fastball,-2.3,-4,163,30.2,36,0.161,0.355,0.245,20.2,25,16.7,0.233,0.466,0.311,40
 Hunter,Feduccia,676439,TB,FF,4-Seam Fastball,-1.2,-2,137,34.6,36,0.167,0.333,0.292,21.9,30.6,30.6,0.184,0.418,0.328,52.6
 Francisco,Alvarez,682626,NYM,FF,4-Seam Fastball,-0.3,0,127,20.4,35,0.3,0.433,0.373,30.3,37.1,25.5,0.282,0.538,0.397,64.7
 Austin,Slater,596103,TB,FF,4-Seam Fastball,-2.7,-3,112,38.9,35,0.179,0.214,0.259,19.6,22.9,26.7,0.178,0.255,0.269,28.6
 Jose,Fernandez,699912,AZ,FF,4-Seam Fastball,-1.3,-2,138,20.1,35,0.242,0.303,0.253,20,22.9,20.5,0.3,0.437,0.329,61.5
 Dane,Myers,667472,CIN,FF,4-Seam Fastball,-1.5,-2,131,27,35,0.143,0.25,0.262,13.5,31.4,28.9,0.133,0.172,0.231,5.6
 Brenton,Doyle,686668,COL,FF,4-Seam Fastball,-2,-3,152,35.8,35,0.111,0.111,0.224,23.9,31.4,22,0.181,0.233,0.305,43.8
 Brett,Sullivan,664954,COL,FF,4-Seam Fastball,-0.7,-1,123,30.9,35,0.25,0.469,0.319,16.2,22.9,22.2,0.254,0.462,0.317,48
 Carlos,Correa,621043,HOU,FF,4-Seam Fastball,0,0,152,26.1,35,0.241,0.379,0.341,16.9,22.9,15.1,0.204,0.345,0.315,38.1
 Blake,Perkins,663368,MIL,FF,4-Seam Fastball,-2.1,-3,130,36.6,35,0.129,0.226,0.251,26.6,22.9,21.6,0.132,0.201,0.192,33.3
 Rob,Refsnyder,608701,SEA,FF,4-Seam Fastball,-3.3,-5,137,32.9,34,0.161,0.258,0.226,25.8,32.4,26.2,0.155,0.275,0.228,45
 Rafael,Marchán,665561,PHI,FF,4-Seam Fastball,-2.3,-3,128,44.4,34,0.125,0.313,0.212,7.9,0,0,0.152,0.239,0.197,21.9
 Jeremiah,Jackson,669236,BAL,FF,4-Seam Fastball,0.4,1,158,25.9,34,0.25,0.625,0.382,19.6,23.5,16.7,0.25,0.473,0.33,54.2
 Jake,Fraley,641584,TB,FF,4-Seam Fastball,-4.2,-5,122,32.9,33,0.129,0.29,0.206,20.3,33.3,29.7,0.153,0.278,0.215,20
 Amed,Rosario,642708,NYY,FF,4-Seam Fastball,-2.2,-3,118,28.8,33,0.143,0.214,0.215,20.7,24.2,22.9,0.148,0.246,0.228,28.6
 Graham,Pauley,688363,MIA,FF,4-Seam Fastball,-2.7,-3,127,33.7,33,0.161,0.258,0.238,14.3,24.2,22.2,0.169,0.246,0.21,21.7
 Harrison,Bader,664056,SF,FF,4-Seam Fastball,-2.5,-3,131,31.1,33,0.133,0.333,0.239,23.5,24.2,20,0.166,0.333,0.254,45.5
 Max,Muncy,691777,ATH,FF,4-Seam Fastball,2.1,2,115,23.9,32,0.357,0.607,0.447,24.6,31.3,25,0.291,0.565,0.404,72.2
 Starling,Marte,516782,KC,FF,4-Seam Fastball,-0.8,-1,117,37.1,32,0.231,0.231,0.287,29.3,28.1,19.6,0.18,0.243,0.264,16.7
 James,Outman,681546,DET,FF,4-Seam Fastball,-3,-4,136,40,32,0.037,0.074,0.148,38.7,43.8,29.8,0.06,0.112,0.171,53.8
 Roman,Anthony,701350,BOS,FF,4-Seam Fastball,0.4,1,165,30.2,32,0.321,0.429,0.373,14.1,12.5,9.8,0.33,0.628,0.442,58.3
 Jackson,Holliday,702616,BAL,FF,4-Seam Fastball,-1.5,-2,149,42.9,32,0.148,0.407,0.302,30,25,23.5,0.21,0.486,0.356,42.1
 Hyeseong,Kim,808975,LAD,FF,4-Seam Fastball,0.2,0,141,27.4,31,0.385,0.462,0.426,19,12.9,11.4,0.394,0.547,0.453,36.4
 Luis,Torrens,620443,NYM,FF,4-Seam Fastball,-1.5,-2,138,26.6,31,0.25,0.321,0.294,18.5,25.8,16.3,0.26,0.413,0.328,70
 Edmundo,Sosa,624641,PHI,FF,4-Seam Fastball,3.3,4,131,29.2,31,0.385,0.654,0.44,16.9,9.7,7.7,0.359,0.6,0.423,56
 Ty,France,664034,SD,FF,4-Seam Fastball,-0.5,-1,170,27.6,29,0.222,0.444,0.309,36.7,51.7,21.7,0.214,0.441,0.305,41.7
 Adam,Frazier,624428,LAA,FF,4-Seam Fastball,0.9,1,134,36.3,29,0.227,0.545,0.389,19.7,27.6,20.5,0.159,0.281,0.282,18.8
 Randal,Grichuk,545341,CWS,FF,4-Seam Fastball,-1.9,-2,124,34.3,29,0.276,0.345,0.272,22.2,20.7,22.2,0.32,0.434,0.325,43.5
 Agustín,Ramírez,682663,MIA,FF,4-Seam Fastball,-3.4,-4,117,23.7,29,0.08,0.12,0.171,24.6,37.9,22,0.144,0.211,0.228,42.9
 Joe,Mack,691788,MIA,FF,4-Seam Fastball,-0.6,-1,124,26.4,28,0.308,0.462,0.359,16.1,28.6,21.1,0.264,0.42,0.322,50
 Ryan,Waldschmidt,814439,AZ,FF,4-Seam Fastball,0.4,0,115,24.5,28,0.25,0.417,0.375,22,25,25,0.256,0.487,0.369,41.2
 Luisangel,Acuña,682668,CWS,FF,4-Seam Fastball,-1.8,-2,114,24.9,28,0.227,0.273,0.298,16.1,7.1,6.5,0.279,0.398,0.38,47.6
 Leo,Jiménez,677870,MIA,FF,4-Seam Fastball,-1.6,-2,122,36.1,28,0.25,0.292,0.305,18.5,21.4,16.7,0.284,0.397,0.352,44.4
 Giancarlo,Stanton,519317,NYY,FF,4-Seam Fastball,-2.1,-3,126,32.8,27,0.16,0.16,0.185,30.2,33.3,24.3,0.147,0.262,0.213,31.3
 Blake,Dunn,694362,CIN,FF,4-Seam Fastball,-0.2,0,118,27.1,27,0.261,0.435,0.356,23.4,29.6,27.6,0.217,0.321,0.301,33.3
 Colt,Emerson,806068,SEA,FF,4-Seam Fastball,2.9,4,121,31.6,27,0.308,0.846,0.481,33.8,40.7,25,0.167,0.383,0.247,53.3
 Anthony,Volpe,683011,NYY,FF,4-Seam Fastball,2.5,3,119,32.5,27,0.3,0.6,0.461,29.5,22.2,11.8,0.267,0.486,0.417,42.9
 Tyrone,Taylor,621438,NYM,FF,4-Seam Fastball,-1.6,-2,115,30.7,26,0.217,0.435,0.274,16.7,15.4,11.1,0.16,0.25,0.176,22.7
 Kyle,Higashioka,543309,TEX,FF,4-Seam Fastball,-1.1,-1,113,21.8,25,0.227,0.273,0.278,14.6,16,12.5,0.263,0.381,0.328,55.6
 Thomas,Saggese,695336,STL,FF,4-Seam Fastball,-3.2,-4,125,38.3,24,0.13,0.174,0.156,38.2,58.3,34.1,0.091,0.183,0.141,33.3
 Brandon,Lockridge,663604,MIL,FF,4-Seam Fastball,0.8,1,113,27.4,23,0.235,0.353,0.37,31,47.8,25.6,0.143,0.215,0.296,50
 Lenyn,Sosa,672820,TOR,FF,4-Seam Fastball,-2.1,-2,111,25.3,19,0.158,0.211,0.208,12.7,21.1,10.8,0.226,0.336,0.241,26.7
