First_Name,Last_Name,ID,Competitive_Swings,Competitive_Swings_Percent,Total_Contact,Avg_Bat_Speed,Hard_Swing_Rate,Squared_Up_Contact_Percent,Squared_Up_Swing_Percent,Blast_Contact_Percent,Blast_Swing_Percent,Swing_Length,Total_Swords,Run_Value,Whiffs,Whiff_per_Swing_Percent,BBE,BBE_per_Swing_Percent
 Junior,Caminero,691406,488,0.946,385,78.9,0.857,0.317,0.25,0.239,0.189,8.1,7,5,103,0.211,186,0.381
 Jordan,Walker,691023,311,0.963,231,78.8,0.855,0.255,0.19,0.195,0.145,7.9,3,-3.8,80,0.257,105,0.338
 Oneil,Cruz,665833,302,0.95,237,78.3,0.762,0.346,0.272,0.27,0.212,7.1,1,-4.3,65,0.215,117,0.387
 Jo,Adell,666176,538,0.947,431,77.9,0.779,0.248,0.199,0.176,0.141,7.4,11,-1.2,107,0.199,195,0.362
 Kyle,Schwarber,656941,525,0.944,416,77.7,0.808,0.32,0.253,0.257,0.204,7.2,15,23.8,109,0.208,193,0.368
 Nick,Kurtz,701762,351,0.946,258,77.2,0.715,0.279,0.205,0.202,0.148,7.3,5,18.8,93,0.265,125,0.356
 James,Wood,695578,460,0.948,366,77,0.728,0.336,0.267,0.265,0.211,7.1,13,10.7,94,0.204,173,0.376
 Matt,Wallner,670242,369,0.909,250,76.7,0.715,0.228,0.154,0.16,0.108,7.1,8,-9.9,119,0.322,102,0.276
 Aaron,Judge,592450,432,0.917,335,76.6,0.676,0.34,0.264,0.284,0.22,7.6,8,26.1,97,0.225,162,0.375
 Vladimir,Guerrero Jr.,665489,398,0.909,339,76.1,0.623,0.401,0.342,0.271,0.231,7.3,1,11.5,59,0.148,207,0.52
 Ronald,Acuña Jr.,660670,351,0.905,256,76,0.627,0.293,0.214,0.211,0.154,7.3,9,7.2,95,0.271,117,0.333
 Willson,Contreras,575929,434,0.919,347,75.9,0.62,0.268,0.214,0.173,0.138,7.6,2,-4.3,87,0.2,155,0.357
 Addison,Barger,680718,373,0.912,297,75.9,0.635,0.29,0.231,0.175,0.139,7.2,1,-10.5,76,0.204,143,0.383
 Julio,Rodríguez,677594,520,0.892,406,75.8,0.575,0.367,0.287,0.227,0.177,7.2,3,8.3,114,0.219,212,0.408
 Shohei,Ohtani,660271,499,0.94,374,75.8,0.623,0.377,0.283,0.251,0.188,7.5,1,12.7,125,0.251,188,0.377
 Luis,Robert Jr.,673357,310,0.942,247,75.8,0.603,0.251,0.2,0.15,0.119,7.4,6,-8.5,63,0.203,109,0.352
 Austin,Riley,663586,397,0.9,306,75.7,0.579,0.271,0.209,0.173,0.134,7.2,8,-7.3,91,0.229,125,0.315
 Byron,Buxton,621439,486,0.94,383,75.5,0.568,0.319,0.251,0.193,0.152,7.6,3,2.1,103,0.212,187,0.385
 Riley,Greene,682985,636,0.9,477,75.4,0.557,0.214,0.16,0.124,0.093,6.9,2,-16,159,0.25,181,0.285
 Gabriel,Arias,672356,416,0.922,272,75.3,0.575,0.268,0.175,0.158,0.103,7.2,7,-14.1,144,0.346,117,0.281
 Cal,Raleigh,663728,581,0.939,441,75.3,0.559,0.29,0.22,0.188,0.143,7.4,5,14.3,140,0.241,179,0.308
 Pete,Alonso,624413,588,0.922,453,75.2,0.531,0.318,0.245,0.219,0.168,6.7,3,5.5,135,0.23,216,0.367
 Brett,Baty,683146,366,0.936,269,75.1,0.536,0.331,0.243,0.186,0.137,6.9,3,-3.5,97,0.265,130,0.355
 Drake,Baldwin,686948,373,0.914,318,75,0.536,0.299,0.255,0.201,0.172,6.7,2,-3.7,55,0.147,153,0.41
 Matt,Chapman,656305,441,0.909,342,74.7,0.476,0.301,0.234,0.167,0.129,7.1,5,-7.4,99,0.224,159,0.361
 Ryan,Mountcastle,663624,309,0.883,239,74.7,0.495,0.28,0.217,0.138,0.107,7,3,-2.6,70,0.227,99,0.32
 Gunnar,Henderson,683002,501,0.928,412,74.6,0.459,0.352,0.289,0.214,0.176,6.9,4,-4.1,89,0.178,204,0.407
 Elly,De La Cruz,682829,447,0.929,315,74.6,0.463,0.356,0.251,0.229,0.161,6.7,8,-0.9,132,0.295,162,0.362
 Agustín,Ramírez,682663,412,0.898,338,74.6,0.483,0.302,0.248,0.213,0.175,7,7,-9.2,74,0.18,182,0.442
 Jesús,Sánchez,660821,356,0.881,285,74.5,0.478,0.312,0.25,0.175,0.14,6.4,3,-13.8,71,0.199,124,0.348
 Kyle,Stowers,669065,398,0.905,280,74.5,0.425,0.286,0.201,0.161,0.113,6.3,9,1,118,0.296,126,0.317
 Jake,Burger,669394,280,0.881,222,74.5,0.493,0.311,0.246,0.216,0.171,6.9,2,-6.3,58,0.207,104,0.371
 Gavin,Sheets,657757,370,0.918,310,74.4,0.476,0.345,0.289,0.174,0.146,7.1,2,-7.3,60,0.162,164,0.443
 Corbin,Carroll,682998,466,0.903,363,74.4,0.423,0.339,0.264,0.207,0.161,6.8,9,2.9,103,0.221,179,0.384
 Jackson,Chourio,694192,485,0.919,398,74.4,0.437,0.317,0.26,0.183,0.151,7.2,7,-15.9,87,0.179,180,0.371
 Jazz,Chisholm Jr.,665862,397,0.939,301,74.3,0.446,0.312,0.237,0.169,0.128,7.5,2,-5.3,96,0.242,137,0.345
 George,Springer,543807,455,0.948,361,74.3,0.448,0.332,0.264,0.197,0.156,7.2,0,3.6,94,0.207,183,0.402
 Cam,Smith,701358,444,0.914,347,74.2,0.444,0.245,0.191,0.135,0.106,6.8,7,-9.2,97,0.218,150,0.338
 Manny,Machado,592518,587,0.917,461,74.2,0.39,0.354,0.278,0.219,0.172,7.3,10,-5.4,126,0.215,209,0.356
 Christian,Walker,572233,655,0.948,498,74.2,0.414,0.273,0.208,0.167,0.127,7.1,9,-13.5,157,0.24,202,0.308
 Mike,Trout,545361,527,0.923,399,74.1,0.412,0.256,0.194,0.15,0.114,7.1,7,-3.9,128,0.243,155,0.294
 Iván,Herrera,671056,346,0.911,297,74.1,0.457,0.303,0.26,0.172,0.147,7.6,2,-8.6,49,0.142,145,0.419
 Jarren,Duran,680776,525,0.918,409,74.1,0.417,0.296,0.23,0.181,0.141,7,2,-8.1,116,0.221,189,0.36
 Juan,Soto,665742,476,0.941,403,74.1,0.454,0.318,0.269,0.236,0.2,6.9,8,1.8,73,0.153,191,0.401
 Ketel,Marte,606466,341,0.897,293,74.1,0.393,0.372,0.32,0.181,0.155,7.5,5,-8.7,48,0.141,157,0.46
 Bryce,Harper,547180,426,0.93,333,74,0.439,0.294,0.23,0.186,0.146,6.7,3,-5.1,93,0.218,138,0.324
 Wilyer,Abreu,677800,403,0.92,327,74,0.395,0.229,0.186,0.125,0.102,6.8,5,-10.7,76,0.189,131,0.325
 Hunter,Goodman,696100,427,0.879,337,74,0.37,0.309,0.244,0.163,0.129,6.6,8,2,90,0.211,150,0.351
 Bobby,Witt Jr.,677951,516,0.893,411,74,0.417,0.328,0.262,0.2,0.159,6.6,8,-5.9,105,0.203,184,0.357
 Seiya,Suzuki,673548,473,0.92,399,73.9,0.421,0.333,0.281,0.218,0.184,6.8,6,-4.4,74,0.156,195,0.412
 Michael,Harris II,671739,502,0.901,422,73.9,0.357,0.313,0.263,0.194,0.163,7.5,5,-21,80,0.159,201,0.4
 Royce,Lewis,668904,330,0.946,242,73.9,0.436,0.351,0.258,0.198,0.145,7.8,3,-10.1,88,0.267,118,0.358
 Brandon,Lowe,664040,416,0.912,318,73.8,0.399,0.333,0.255,0.198,0.151,6.6,12,7.8,98,0.236,142,0.341
 Austin,Wells,669224,372,0.921,301,73.8,0.355,0.296,0.239,0.169,0.137,7.2,5,-2.3,71,0.191,132,0.355
 Fernando,Tatis Jr.,665487,505,0.922,418,73.6,0.378,0.368,0.305,0.215,0.178,7,11,-2.8,87,0.172,216,0.428
 Carlos,Correa,621043,472,0.922,405,73.6,0.375,0.319,0.273,0.185,0.159,6.7,3,-1.4,67,0.142,206,0.436
 Shea,Langeliers,669127,421,0.886,332,73.6,0.373,0.313,0.247,0.199,0.157,6.8,1,7.4,89,0.211,157,0.373
 Matt,Olson,621566,644,0.919,475,73.5,0.359,0.295,0.217,0.179,0.132,7.1,3,-5.2,169,0.262,196,0.304
 Eric,Wagaman,676572,382,0.932,327,73.5,0.377,0.413,0.353,0.229,0.196,6.7,5,-1.9,55,0.144,185,0.484
 Salvador,Perez,521692,508,0.937,404,73.5,0.352,0.342,0.272,0.183,0.146,7.4,7,-10.4,104,0.205,205,0.404
 Jasson,Domínguez,691176,282,0.916,229,73.4,0.287,0.31,0.252,0.188,0.152,7.2,1,-8.8,53,0.188,100,0.355
 Ryan,McMahon,641857,465,0.908,358,73.4,0.323,0.327,0.252,0.201,0.155,7,2,-11.9,107,0.23,157,0.338
 Mickey,Moniak,666160,350,0.914,271,73.4,0.32,0.325,0.251,0.148,0.114,7.2,5,6.6,79,0.226,138,0.394
 Jordan,Beck,687597,425,0.938,327,73.4,0.341,0.303,0.233,0.156,0.12,7.3,1,0.7,98,0.231,148,0.348
 Brent,Rooker,667670,520,0.922,441,73.3,0.34,0.331,0.281,0.166,0.14,6.7,8,-9.9,79,0.152,238,0.458
 Michael,Conforto,624424,406,0.902,333,73.3,0.365,0.3,0.246,0.159,0.131,6.9,4,-12.2,73,0.18,149,0.367
 Javier,Báez,595879,299,0.887,238,73.3,0.344,0.298,0.237,0.16,0.127,7.7,4,-7.1,61,0.204,118,0.395
 Spencer,Torkelson,679529,478,0.937,408,73.3,0.297,0.358,0.305,0.176,0.151,7.4,6,-5.1,70,0.146,204,0.427
 Tyler,Soderstrom,691016,366,0.917,309,73.2,0.298,0.333,0.281,0.214,0.18,6.9,6,-5.2,57,0.156,146,0.399
 Lars,Nootbaar,663457,419,0.919,375,73.2,0.348,0.355,0.317,0.181,0.162,6.5,2,-14.7,44,0.105,195,0.465
 Anthony,Volpe,683011,479,0.939,350,73.1,0.311,0.343,0.251,0.171,0.125,6.8,4,-12,129,0.269,163,0.34
 Ben,Rice,700250,342,0.934,303,73.1,0.325,0.455,0.404,0.277,0.246,6.9,5,2.5,39,0.114,164,0.48
 Josh,Bell,605137,385,0.919,322,73.1,0.338,0.366,0.306,0.202,0.169,7.5,1,-3.4,63,0.164,159,0.413
 Pete,Crow-Armstrong,691718,491,0.918,362,73,0.295,0.26,0.191,0.144,0.106,6.7,9,-11.9,129,0.263,147,0.299
 William,Contreras,661388,525,0.939,439,72.9,0.295,0.344,0.288,0.178,0.149,6.7,5,-10.7,86,0.164,198,0.377
 Wyatt,Langford,694671,445,0.897,371,72.9,0.274,0.383,0.319,0.205,0.171,6.6,0,-0.4,74,0.166,182,0.409
 Tommy,Pham,502054,313,0.918,266,72.9,0.265,0.421,0.358,0.211,0.179,6.6,3,-4.9,47,0.15,144,0.46
 Harrison,Bader,664056,383,0.905,317,72.8,0.324,0.319,0.264,0.174,0.144,6.6,5,2.4,66,0.172,152,0.397
 Michael,Toglia,669911,295,0.928,225,72.8,0.231,0.24,0.183,0.102,0.078,6.9,7,-11,70,0.237,89,0.302
 Randy,Arozarena,668227,569,0.953,413,72.8,0.325,0.344,0.25,0.182,0.132,7.2,3,-13.7,156,0.274,191,0.336
 Lawrence,Butler,671732,521,0.922,388,72.8,0.282,0.317,0.236,0.175,0.131,6.6,6,-4.4,133,0.255,177,0.34
 Paul,Goldschmidt,502671,480,0.923,408,72.7,0.223,0.311,0.265,0.147,0.125,7.3,1,-7.7,72,0.15,189,0.394
 Andy,Pages,681624,553,0.926,461,72.7,0.235,0.28,0.233,0.126,0.105,7.6,11,-5,92,0.166,202,0.365
 Heliot,Ramos,671218,536,0.869,416,72.7,0.306,0.298,0.231,0.151,0.118,6.4,8,-12.7,120,0.224,183,0.341
 Joey,Ortiz,687401,407,0.94,355,72.7,0.251,0.29,0.253,0.141,0.123,7.1,3,-6.2,52,0.128,178,0.437
 Willy,Adames,642715,593,0.949,488,72.6,0.233,0.316,0.26,0.133,0.11,7.8,2,-2.5,105,0.177,240,0.405
 Nolan,Gorman,669357,343,0.937,233,72.5,0.219,0.262,0.178,0.129,0.087,7.1,1,-8.9,110,0.321,85,0.248
 Yandy,Díaz,650490,470,0.911,385,72.5,0.253,0.343,0.281,0.208,0.17,7.4,4,2,85,0.181,188,0.4
 Jonathan,India,663697,479,0.943,420,72.5,0.263,0.343,0.301,0.14,0.123,7,8,-27.1,59,0.123,234,0.489
 Josh,Lowe,666139,412,0.922,301,72.5,0.277,0.262,0.192,0.1,0.073,6.9,5,-15.6,111,0.269,104,0.252
 Bo,Naylor,666310,317,0.922,270,72.4,0.208,0.344,0.293,0.115,0.098,7.3,5,-8.1,47,0.148,124,0.391
 Nathaniel,Lowe,663993,595,0.931,458,72.4,0.193,0.249,0.192,0.116,0.089,6.8,3,-11.9,137,0.23,179,0.301
 Xander,Bogaerts,593428,377,0.935,331,72.3,0.26,0.402,0.353,0.16,0.141,7.1,3,-20.6,46,0.122,213,0.565
 Luis,García Jr.,671277,344,0.932,295,72.3,0.233,0.366,0.314,0.173,0.148,7,2,-5,49,0.142,150,0.436
 Christian,Yelich,592885,473,0.874,380,72.2,0.243,0.324,0.26,0.174,0.14,7.1,8,-8.5,93,0.197,175,0.37
 Marcell,Ozuna,542303,417,0.883,345,72.2,0.264,0.333,0.276,0.165,0.137,6.8,0,-4.1,72,0.173,155,0.372
 CJ,Abrams,682928,468,0.912,386,72.2,0.237,0.35,0.288,0.14,0.115,7.2,6,-8.2,82,0.175,207,0.442
 Isaac,Collins,686555,404,0.922,327,72.2,0.186,0.309,0.25,0.11,0.089,6.4,3,-15.9,77,0.191,156,0.386
 Teoscar,Hernández,606192,420,0.913,333,72.2,0.236,0.363,0.288,0.168,0.133,7.4,9,-6.8,87,0.207,171,0.407
 Eugenio,Suárez,553993,516,0.923,396,72.2,0.254,0.303,0.233,0.154,0.118,7.4,21,-2,120,0.233,179,0.347
 Kyle,Tucker,663656,410,0.93,366,72.1,0.212,0.41,0.366,0.191,0.171,7.2,1,-2.9,44,0.107,204,0.498
 Lenyn,Sosa,672820,436,0.895,358,72.1,0.225,0.335,0.275,0.156,0.128,7,2,-3.1,78,0.179,166,0.381
 Jeremy,Peña,665161,286,0.867,257,72.1,0.136,0.498,0.448,0.241,0.217,7.1,3,12.9,29,0.101,167,0.584
 Alec,Burleson,676475,419,0.919,361,72.1,0.255,0.382,0.329,0.177,0.153,7.1,1,-3.9,58,0.138,194,0.463
 Kody,Clemens,665019,373,0.921,291,72,0.172,0.364,0.284,0.172,0.134,7,3,-14.1,82,0.22,138,0.37
 Nolan,Jones,666134,359,0.889,284,72,0.242,0.306,0.242,0.141,0.111,6.4,4,-14.2,75,0.209,115,0.32
 Corey,Seager,608369,300,0.898,237,72,0.16,0.346,0.273,0.198,0.157,6.2,6,-4.9,63,0.21,102,0.34
 Trevor,Larnach,663616,389,0.903,333,71.9,0.213,0.426,0.365,0.189,0.162,6.8,5,-10.1,56,0.144,201,0.517
 Yainer,Diaz,673237,403,0.926,336,71.9,0.176,0.366,0.305,0.19,0.159,6.8,4,-1.1,67,0.166,167,0.414
 Pedro,Pagés,686780,317,0.881,270,71.9,0.237,0.27,0.23,0.115,0.098,6.5,5,-11.5,47,0.148,122,0.385
 Otto,Lopez,672640,397,0.932,369,71.9,0.224,0.401,0.373,0.201,0.186,6.4,2,-5.5,28,0.071,200,0.504
 Andrew,McCutchen,457705,493,0.963,401,71.9,0.166,0.319,0.26,0.16,0.13,7.4,5,-21.5,92,0.187,184,0.373
 Maikel,Garcia,672580,417,0.925,377,71.9,0.156,0.464,0.42,0.239,0.216,6.9,5,-0.2,40,0.096,218,0.523
 J.T.,Realmuto,592663,435,0.928,370,71.9,0.244,0.308,0.262,0.149,0.126,7,3,-16.3,65,0.149,168,0.386
 Nolan,Arenado,571448,329,0.927,302,71.8,0.173,0.361,0.331,0.119,0.109,8.1,3,-9.2,27,0.082,177,0.538
 Adolis,García,666969,553,0.917,406,71.8,0.224,0.392,0.288,0.195,0.143,7.3,5,-14.4,147,0.266,198,0.358
 Patrick,Bailey,672275,317,0.888,255,71.7,0.167,0.314,0.252,0.122,0.098,6.8,3,-7.4,62,0.196,110,0.347
 Alejandro,Kirk,672386,391,0.887,324,71.7,0.207,0.392,0.325,0.188,0.156,6.9,3,-7.9,67,0.171,168,0.43
 Carlos,Narváez,665966,412,0.909,317,71.7,0.121,0.328,0.252,0.139,0.107,7.3,3,-8.2,95,0.231,127,0.308
 Ramón,Laureano,657656,408,0.897,325,71.7,0.184,0.311,0.248,0.148,0.118,6.6,9,-4.7,83,0.203,148,0.363
 Kerry,Carpenter,681481,337,0.921,277,71.7,0.151,0.383,0.315,0.177,0.145,6.9,2,3.6,60,0.178,130,0.386
 Vinnie,Pasquantino,686469,493,0.885,445,71.7,0.199,0.393,0.355,0.169,0.152,6.9,3,1.5,48,0.097,238,0.483
 Dillon,Dingler,693307,366,0.901,293,71.6,0.12,0.311,0.249,0.167,0.134,7.2,4,-3,73,0.199,134,0.366
 Brandon,Nimmo,607043,528,0.903,417,71.6,0.206,0.314,0.248,0.161,0.127,6.8,3,-16.7,111,0.21,177,0.335
 Miguel,Vargas,678246,542,0.954,446,71.5,0.14,0.368,0.303,0.159,0.131,7.5,4,-18.2,96,0.177,203,0.375
 Jackson,Merrill,701538,403,0.91,307,71.5,0.154,0.316,0.241,0.143,0.109,7,7,-3.5,96,0.238,135,0.335
 Carlos,Santana,467793,380,0.941,318,71.5,0.197,0.346,0.289,0.142,0.118,7.3,1,-17.7,62,0.163,165,0.434
 Ryan,O'Hearn,656811,407,0.919,345,71.5,0.152,0.368,0.312,0.151,0.128,6.5,5,1,62,0.152,177,0.435
 Bryan,Reynolds,668804,437,0.886,364,71.5,0.167,0.338,0.281,0.19,0.158,6.4,12,-4.5,73,0.167,160,0.366
 José,Ramírez,608070,426,0.957,385,71.4,0.181,0.351,0.317,0.158,0.143,7,2,4.7,41,0.096,200,0.469
 Ian,Happ,664023,461,0.899,387,71.4,0.165,0.313,0.262,0.152,0.128,6.5,5,-11.8,74,0.161,171,0.371
 Ezequiel,Tovar,678662,352,0.88,273,71.4,0.176,0.238,0.185,0.106,0.082,7.1,2,-12.5,79,0.224,103,0.293
 Cedric,Mullins,656775,433,0.945,343,71.4,0.12,0.303,0.24,0.099,0.079,7.3,4,-13.5,90,0.208,145,0.335
 Masyn,Winn,691026,463,0.935,382,71.3,0.188,0.288,0.238,0.113,0.093,7.1,1,-11.3,81,0.175,160,0.346
 Austin,Hays,669720,289,0.929,242,71.3,0.156,0.322,0.27,0.12,0.1,6.7,5,3.7,47,0.163,117,0.405
 Trent,Grisham,663757,437,0.93,369,71.3,0.121,0.379,0.32,0.206,0.174,7.3,5,-2.9,68,0.156,182,0.416
 Jorge,Polanco,593871,356,0.932,321,71.3,0.14,0.427,0.385,0.196,0.177,6.9,5,-1.3,35,0.098,181,0.508
 Willi,Castro,650489,390,0.911,300,71.3,0.185,0.253,0.195,0.12,0.092,6.8,4,-5.3,90,0.231,110,0.282
 Logan,O'Hoppe,681351,347,0.897,273,71.2,0.159,0.297,0.233,0.136,0.107,7.2,1,-11.5,74,0.213,113,0.326
 Trea,Turner,607208,497,0.924,419,71.2,0.185,0.356,0.3,0.165,0.139,7.1,6,-5,78,0.157,206,0.414
 Brandon,Marsh,669016,336,0.901,279,71.2,0.116,0.355,0.295,0.161,0.134,6.6,1,-9.7,57,0.17,129,0.384
 Alec,Bohm,664761,384,0.91,349,71.2,0.133,0.375,0.341,0.152,0.138,6.9,0,-5.9,35,0.091,187,0.487
 Rafael,Devers,646240,724,0.925,502,71.1,0.144,0.301,0.209,0.163,0.113,7.3,11,-16.6,222,0.307,195,0.269
 Max,Kepler,596146,368,0.922,317,71.1,0.147,0.356,0.307,0.17,0.147,6.9,10,-10.6,51,0.139,148,0.402
 Zach,Neto,687263,422,0.904,356,71.1,0.121,0.39,0.329,0.18,0.152,6.7,8,-4.2,66,0.156,173,0.41
 Mark,Vientos,668901,334,0.903,268,71.1,0.132,0.381,0.305,0.164,0.132,7.2,6,-9.8,66,0.198,132,0.395
 Dansby,Swanson,621020,548,0.932,409,70.9,0.062,0.416,0.31,0.21,0.157,7,9,-10.1,139,0.254,203,0.37
 Tyler,Freeman,671289,368,0.906,346,70.9,0.125,0.355,0.334,0.145,0.136,6.6,0,-8.9,22,0.06,181,0.492
 Nick,Gonzales,693304,346,0.938,284,70.8,0.159,0.352,0.289,0.141,0.116,7.1,5,-15.5,62,0.179,146,0.422
 Brenton,Doyle,686668,426,0.924,330,70.8,0.054,0.385,0.298,0.173,0.134,6.8,4,-10.2,96,0.225,177,0.415
 Mike,Yastrzemski,573262,431,0.915,358,70.8,0.074,0.399,0.332,0.148,0.123,7.2,3,-20.1,73,0.169,174,0.404
 Alex,Bregman,608324,374,0.914,348,70.7,0.072,0.477,0.444,0.164,0.152,6.7,4,-3.9,26,0.07,201,0.537
 Colt,Keith,690993,330,0.927,292,70.7,0.1,0.394,0.348,0.185,0.164,6.4,2,-2.1,38,0.115,148,0.448
 Francisco,Lindor,596019,533,0.894,455,70.7,0.15,0.367,0.313,0.156,0.133,7.1,4,-0.2,78,0.146,206,0.386
 Spencer,Steer,668715,518,0.925,413,70.7,0.068,0.312,0.249,0.09,0.071,7,8,-13.7,105,0.203,190,0.367
 Gleyber,Torres,650402,530,0.945,438,70.6,0.125,0.358,0.296,0.167,0.138,6.9,4,-16.3,92,0.174,190,0.358
 Ke'Bryan,Hayes,663647,429,0.87,377,70.6,0.091,0.411,0.361,0.175,0.154,6.4,2,-18.9,52,0.121,194,0.452
 Josh,Naylor,647304,389,0.917,330,70.6,0.165,0.427,0.362,0.158,0.134,7,2,4.1,59,0.152,187,0.481
 Ceddanne,Rafaela,678882,489,0.873,386,70.6,0.112,0.306,0.241,0.13,0.102,6.9,7,-17.5,103,0.211,172,0.352
 Jose,Altuve,514888,421,0.952,361,70.6,0.131,0.307,0.264,0.122,0.105,7.3,5,1.9,60,0.143,187,0.444
 Jeff,McNeil,643446,418,0.923,370,70.6,0.084,0.346,0.306,0.1,0.089,7,3,-3.6,48,0.115,184,0.44
 Alek,Thomas,677950,288,0.914,224,70.6,0.104,0.344,0.267,0.196,0.153,6.4,9,-3.1,64,0.222,102,0.354
 Daniel,Schneemann,682177,272,0.919,212,70.5,0.099,0.34,0.265,0.156,0.121,6.6,8,-5,60,0.221,101,0.371
 Max,Muncy,571970,245,0.894,212,70.5,0.102,0.33,0.286,0.17,0.147,6.6,2,6.1,33,0.135,86,0.351
 Ty,France,664034,410,0.889,346,70.5,0.124,0.298,0.251,0.136,0.115,7,2,-8.2,64,0.156,153,0.373
 Lourdes,Gurriel Jr.,666971,422,0.9,393,70.4,0.095,0.379,0.353,0.13,0.121,7.1,2,-4.5,29,0.069,208,0.493
 Nick,Castellanos,592206,439,0.922,357,70.4,0.162,0.328,0.267,0.134,0.109,7,5,-7.1,82,0.187,157,0.358
 Andrew,Vaughn,683734,339,0.878,282,70.4,0.109,0.418,0.348,0.191,0.159,6.9,4,-10,57,0.168,150,0.442
 Jackson,Holliday,702616,461,0.929,371,70.4,0.085,0.348,0.28,0.148,0.119,6.6,4,-17.8,90,0.195,176,0.382
 Jake,Cronenworth,630105,425,0.885,379,70.4,0.129,0.29,0.259,0.116,0.104,6.6,2,-8.6,46,0.108,163,0.384
 J.P.,Crawford,641487,579,0.902,466,70.3,0.152,0.277,0.223,0.086,0.069,6.8,2,-18.2,113,0.195,215,0.371
 Trevor,Story,596115,533,0.885,419,70.3,0.084,0.332,0.261,0.184,0.144,6.7,7,-7.2,114,0.214,186,0.349
 Wenceel,Pérez,672761,315,0.908,250,70.2,0.06,0.392,0.311,0.136,0.108,6.6,0,-5.8,65,0.206,115,0.365
 Kyle,Manzardo,700932,405,0.898,313,70,0.057,0.355,0.274,0.125,0.096,7,9,-2.9,92,0.227,150,0.37
 Brayan,Rocchio,677587,289,0.898,251,70,0.059,0.386,0.336,0.135,0.118,6.9,3,-13.2,38,0.131,126,0.436
 Will,Smith,669257,342,0.927,277,70,0.07,0.368,0.298,0.162,0.132,6.9,5,-2.2,65,0.19,118,0.345
 Josh,Jung,673962,408,0.899,316,70,0.034,0.332,0.257,0.168,0.13,6.6,4,-6.6,92,0.225,144,0.353
 Brice,Turang,668930,578,0.899,477,69.9,0.123,0.302,0.249,0.115,0.095,6.5,5,-7.8,101,0.175,168,0.291
 Freddie,Freeman,518692,548,0.918,436,69.9,0.082,0.369,0.294,0.172,0.137,6.5,3,-4.6,112,0.204,228,0.416
 Brooks,Lee,686797,371,0.937,314,69.8,0.105,0.411,0.348,0.121,0.102,6.7,5,-1.7,57,0.154,166,0.447
 Ozzie,Albies,645277,536,0.957,442,69.8,0.08,0.346,0.285,0.086,0.071,7,5,-9.4,94,0.175,214,0.399
 Matt,Shaw,807713,367,0.927,309,69.8,0.131,0.265,0.223,0.091,0.076,6.6,4,-9.7,58,0.158,135,0.368
 Angel,Martínez,682657,344,0.896,283,69.7,0.087,0.36,0.297,0.102,0.084,6.9,3,-12.8,61,0.177,139,0.404
 Cody,Bellinger,641355,535,0.922,457,69.7,0.052,0.361,0.308,0.118,0.101,7.3,1,-1,78,0.146,231,0.432
 Carson,Kelly,608348,308,0.87,269,69.6,0.049,0.342,0.299,0.13,0.114,6.5,1,-5.9,39,0.127,122,0.396
 Jonathan,Aranda,666018,353,0.876,279,69.6,0.091,0.319,0.252,0.168,0.133,6.9,3,3.9,74,0.21,111,0.314
 Matt,McLain,680574,421,0.923,333,69.5,0.043,0.309,0.245,0.135,0.107,6.4,9,-12.8,88,0.209,142,0.337
 Gavin,Lux,666158,357,0.93,308,69.5,0.048,0.334,0.289,0.14,0.12,6.9,5,4.7,49,0.137,148,0.415
 Bryson,Stott,681082,484,0.918,418,69.4,0.058,0.309,0.267,0.098,0.085,7,3,-10.2,66,0.136,194,0.401
 Isaac,Paredes,670623,321,0.894,288,69.4,0.1,0.358,0.321,0.125,0.112,7.9,2,-0.3,33,0.103,133,0.414
 Freddy,Fermin,666023,299,0.903,241,69.3,0.05,0.332,0.268,0.112,0.09,6.9,6,-6.6,58,0.194,103,0.344
 Tommy,Edman,669242,232,0.856,194,69.1,0.108,0.397,0.332,0.139,0.116,6.5,1,-3.5,38,0.164,115,0.496
 Marcus,Semien,543760,432,0.958,364,69.1,0.065,0.393,0.331,0.129,0.109,7.5,4,-14.7,68,0.157,187,0.433
 Andrés,Giménez,665926,316,0.9,242,69,0.057,0.277,0.212,0.074,0.057,6.7,3,-16,74,0.234,100,0.316
 Jonah,Heim,641680,405,0.914,303,69,0.04,0.337,0.252,0.099,0.074,7.1,3,-14.4,102,0.252,132,0.326
 Mike,Tauchman,643565,321,0.922,255,69,0.056,0.322,0.255,0.11,0.087,6.9,6,-8,66,0.206,106,0.33
 Taylor,Ward,621493,405,0.92,324,69,0.047,0.386,0.309,0.176,0.141,6.6,4,1.7,81,0.2,155,0.383
 TJ,Friedl,670770,462,0.883,429,68.9,0.032,0.422,0.392,0.114,0.106,6.4,5,-17,33,0.071,254,0.55
 Andrew,Benintendi,643217,366,0.922,306,68.7,0.025,0.392,0.328,0.134,0.112,6.7,2,-6.3,60,0.164,155,0.423
 Victor,Scott II,687363,311,0.896,249,68.6,0.074,0.329,0.264,0.076,0.061,6,7,-14.1,62,0.199,118,0.379
 Michael,Busch,683737,402,0.874,353,68.6,0.05,0.365,0.321,0.147,0.129,6.6,7,1.1,49,0.122,155,0.386
 Nico,Hoerner,663538,511,0.936,493,68.6,0.029,0.42,0.405,0.11,0.106,6.8,1,-8.3,18,0.035,279,0.546
 Josh,Smith,669701,447,0.885,381,68.5,0.022,0.297,0.253,0.089,0.076,6.3,2,-10.6,66,0.148,164,0.367
 Sal,Frelick,686217,481,0.945,444,68.4,0.054,0.345,0.318,0.065,0.06,6.8,5,-5.9,37,0.077,240,0.499
 Brendan,Donovan,680977,353,0.857,324,68.4,0.034,0.435,0.399,0.157,0.144,6.4,2,-6.2,29,0.082,179,0.507
 Mookie,Betts,605141,396,0.912,376,68.4,0.058,0.476,0.452,0.138,0.131,6.7,5,-3.9,20,0.051,224,0.566
 Ernie,Clement,676391,350,0.933,322,68.3,0.04,0.429,0.394,0.09,0.083,6.7,4,-12.9,28,0.08,184,0.526
 Luis,Rengifo,650859,338,0.843,276,68.2,0.036,0.377,0.308,0.112,0.092,6.7,2,-5.1,62,0.183,146,0.432
 Caleb,Durbin,702332,364,0.941,345,68.2,0.019,0.391,0.371,0.096,0.091,6.5,3,-11,19,0.052,207,0.569
 Jung Hoo,Lee,808982,443,0.906,401,68.1,0.023,0.411,0.372,0.115,0.104,7.3,1,-12.9,42,0.095,210,0.474
 Spencer,Horwitz,687462,334,0.905,292,67.9,0.042,0.349,0.305,0.086,0.075,6.6,4,-8.5,42,0.126,131,0.392
 Bo,Bichette,666182,449,0.854,394,67.8,0.051,0.317,0.278,0.135,0.118,6.6,5,-5.3,55,0.122,154,0.343
 Geraldo,Perdomo,672695,507,0.883,458,67.8,0.036,0.352,0.318,0.109,0.099,6.6,7,5.3,49,0.097,223,0.44
 Zach,McKinstry,656716,437,0.92,362,67.5,0.016,0.315,0.261,0.094,0.078,6.4,3,-7.9,75,0.172,168,0.384
 Chase,Meidroth,805367,369,0.92,340,67.2,0.011,0.438,0.404,0.118,0.108,6.4,4,-9.1,29,0.079,188,0.509
 Nathan,Lukes,664770,330,0.855,289,67.2,0.03,0.356,0.312,0.1,0.088,6.1,4,-4.2,41,0.124,137,0.415
 Nolan,Schanuel,694384,391,0.895,356,67,0.054,0.382,0.348,0.076,0.069,6.3,4,-7.4,35,0.09,178,0.455
 Xavier,Edwards,669364,502,0.905,454,66.9,0.026,0.339,0.307,0.059,0.054,6.1,3,-22.1,48,0.096,205,0.408
 Edgar,Quero,700337,356,0.892,282,66.9,0.011,0.394,0.312,0.131,0.104,6.5,1,-9.5,74,0.208,127,0.357
 Jake,Mangum,663968,355,0.866,290,66.6,0.042,0.29,0.237,0.066,0.054,6.1,3,-10,65,0.183,109,0.307
 Adam,Frazier,624428,372,0.914,319,66.2,0.013,0.288,0.247,0.06,0.051,6.6,4,-10.5,53,0.142,134,0.36
 Isiah,Kiner-Falefa,643396,319,0.899,283,66,0.006,0.307,0.273,0.071,0.063,6.4,3,-4.9,36,0.113,141,0.442
 Wilmer,Flores,527038,409,0.917,361,65.4,0.012,0.363,0.32,0.069,0.061,6.6,4,-7.9,48,0.117,165,0.403
 Jacob,Wilson,805779,390,0.901,359,63.5,0.005,0.407,0.374,0.045,0.041,5.8,1,-10.8,31,0.079,195,0.5
 Steven,Kwan,680757,494,0.884,476,63,0.006,0.468,0.451,0.027,0.026,6,5,-23.8,18,0.036,262,0.53
 Luis,Arraez,650333,558,0.871,531,62.1,0.002,0.444,0.423,0.017,0.016,5.6,1,-12.6,27,0.048,276,0.495
