id,First_Name,Last_Name,swings_competitive,percent_swings_competitive,contact,avg_bat_speed,hard_swing_rate,squared_up_per_bat_contact,squared_up_per_swing,blast_per_bat_contact,blast_per_swing,swing_length,swords,batter_run_value,whiffs,whiff_per_swing,batted_ball_events,batted_ball_event_per_swing
691406, Junior,Caminero,189,0.935643564,155,80.16172619,0.931216931,0.348387097,0.285714286,0.303225806,0.248677249,8.253591005,2,4.227914838,,NaN,87,0.46031746
691023, Jordan,Walker,241,0.971774194,199,79.56643286,0.912863071,0.281407035,0.232365145,0.221105528,0.182572614,7.946938714,1,2.858218719,,NaN,97,0.402489627
701762, Nick,Kurtz,237,0.901140684,170,78.31949312,0.814345992,0.294117647,0.210970464,0.211764706,0.151898734,7.432377089,4,3.031849213,,NaN,72,0.303797468
665833, Oneil,Cruz,187,0.912195122,134,77.86713123,0.737967914,0.358208955,0.256684492,0.28358209,0.203208556,6.944317326,2,-2.745599878,,NaN,59,0.315508021
656941, Kyle,Schwarber,223,0.952991453,173,77.27451722,0.780269058,0.242774566,0.188340807,0.156069364,0.121076233,7.092123767,4,7.541285091,,NaN,74,0.331838565
666176, Jo,Adell,276,0.941979522,220,77.20400058,0.710144928,0.259090909,0.206521739,0.15,0.119565217,7.194917935,0,-2.096781521,,NaN,98,0.355072464
701358, Cam,Smith,244,0.910447761,201,76.9815834,0.696721311,0.328358209,0.270491803,0.194029851,0.159836066,7.214408033,3,-5.209151868,,NaN,98,0.401639344
669003, Garrett,Mitchell,169,0.949438202,116,76.64216266,0.75739645,0.25862069,0.177514793,0.189655172,0.130177515,6.867704852,0,-5.427655799,,NaN,49,0.289940828
575929, Willson,Contreras,261,0.925531915,210,76.61967471,0.681992337,0.242857143,0.195402299,0.180952381,0.14559387,7.573509502,2,7.114581159,,NaN,103,0.394636015
695506, Jac,Caglianone,177,0.951612903,135,76.54614514,0.711864407,0.281481481,0.214689266,0.22962963,0.175141243,7.276969322,1,0.299286093,,NaN,58,0.327683616
677594, Julio,Rodríguez,253,0.872413793,207,76.42024688,0.664031621,0.285024155,0.233201581,0.193236715,0.158102767,7.262757589,5,-2.754973673,,NaN,102,0.403162055
641343, Jake,Bauers,164,0.911111111,139,76.39359238,0.707317073,0.374100719,0.317073171,0.244604317,0.207317073,7.238708841,3,-0.056394439,,NaN,77,0.469512195
695578, James,Wood,200,0.921658986,166,76.2270025,0.645,0.34939759,0.29,0.271084337,0.225,6.8354617,2,6.479888759,,NaN,84,0.42
592450, Aaron,Judge,151,0.867816092,119,75.76524225,0.582781457,0.302521008,0.238410596,0.226890756,0.178807947,7.574565629,2,6.544998618,,NaN,49,0.324503311
660670, Ronald,Acuña Jr.,219,0.908713693,164,75.76303785,0.598173516,0.256097561,0.191780822,0.164634146,0.123287671,7.420256712,8,-8.172373536,,NaN,77,0.351598174
670042, Luke,Raley,147,0.924528302,92,75.73555191,0.605442177,0.380434783,0.238095238,0.260869565,0.163265306,6.844361837,1,-0.655823914,,NaN,50,0.340136054
695657, Colson,Montgomery,251,0.877622378,162,75.70366976,0.601593625,0.290123457,0.187250996,0.185185185,0.119521912,7.492173825,9,-5.949302715,,NaN,79,0.314741036
682998, Corbin,Carroll,229,0.942386831,165,75.63911389,0.620087336,0.290909091,0.209606987,0.139393939,0.100436681,7.131193799,0,0.762673461,,NaN,79,0.344978166
656305, Matt,Chapman,247,0.904761905,193,75.63506652,0.550607287,0.207253886,0.16194332,0.10880829,0.085020243,6.978812227,3,-7.041352838,,NaN,93,0.376518219
665489, Vladimir,Guerrero Jr.,210,0.913043478,185,75.56799691,0.580952381,0.340540541,0.3,0.183783784,0.161904762,7.175786143,0,-1.346705783,,NaN,98,0.466666667
670541, Yordan,Alvarez,227,0.949790795,187,75.53984577,0.524229075,0.304812834,0.251101322,0.219251337,0.18061674,7.219978194,0,7.729833487,,NaN,83,0.365638767
804606, Konnor,Griffin,148,0.896969697,115,75.4255977,0.540540541,0.130434783,0.101351351,0.07826087,0.060810811,7.122844662,2,0.685796386,,NaN,51,0.344594595
545361, Mike,Trout,294,0.927444795,253,75.34262925,0.534013605,0.28458498,0.244897959,0.185770751,0.159863946,7.245260816,3,0.51946709,,NaN,109,0.370748299
624585, Jorge,Soler,184,0.968421053,136,75.28350603,0.565217391,0.272058824,0.201086957,0.154411765,0.114130435,7.446951739,0,-4.936082325,,NaN,63,0.342391304
683146, Brett,Baty,217,0.964444444,172,75.20919304,0.594470046,0.255813953,0.202764977,0.127906977,0.101382488,6.941636037,3,-3.200885901,,NaN,74,0.341013825
663586, Austin,Riley,240,0.902255639,182,75.14589367,0.508333333,0.32967033,0.25,0.192307692,0.145833333,7.105785375,3,-6.150588519,,NaN,91,0.379166667
665487, Fernando,Tatis Jr.,238,0.911877395,197,75.11799563,0.558823529,0.360406091,0.298319328,0.223350254,0.18487395,7.048530378,5,-3.543366292,,NaN,114,0.478991597
669394, Jake,Burger,196,0.903225806,151,75.04067194,0.56122449,0.417218543,0.321428571,0.231788079,0.178571429,6.97491301,4,0.251154846,,NaN,86,0.43877551
663728, Cal,Raleigh,170,0.923913043,119,74.98954677,0.505882353,0.193277311,0.135294118,0.109243697,0.076470588,7.416505588,3,-9.216445233,,NaN,42,0.247058824
691723, Coby,Mayo,121,0.902985075,101,74.94242645,0.495867769,0.277227723,0.231404959,0.148514851,0.123966942,6.95307314,2,-0.768181383,,NaN,41,0.338842975
678246, Miguel,Vargas,282,0.965753425,227,74.92879575,0.528368794,0.281938326,0.226950355,0.149779736,0.120567376,7.63229773,0,-2.722216797,,NaN,99,0.35106383
660271, Shohei,Ohtani,219,0.924050633,171,74.90291489,0.506849315,0.321637427,0.251141553,0.210526316,0.164383562,7.46174621,2,1.258936702,,NaN,81,0.369863014
808959, Munetaka,Murakami,166,0.912087912,108,74.83115572,0.506024096,0.324074074,0.210843373,0.222222222,0.144578313,7.556690301,3,1.029890923,,NaN,50,0.301204819
691718, Pete,Crow-Armstrong,232,0.946938776,190,74.81175504,0.487068966,0.310526316,0.254310345,0.168421053,0.137931034,7.007473793,4,-3.095329072,,NaN,92,0.396551724
686948, Drake,Baldwin,183,0.924242424,159,74.74886197,0.508196721,0.364779874,0.316939891,0.232704403,0.202185792,6.795414426,3,7.720791005,,NaN,76,0.415300546
682985, Riley,Greene,230,0.864661654,179,74.74837539,0.491304348,0.30726257,0.239130435,0.167597765,0.130434783,6.840974174,4,0.649959394,,NaN,75,0.326086957
669065, Kyle,Stowers,184,0.910891089,138,74.72978538,0.451086957,0.304347826,0.22826087,0.18115942,0.135869565,6.333444293,4,-5.679446578,,NaN,68,0.369565217
624413, Pete,Alonso,275,0.922818792,222,74.69896575,0.487272727,0.324324324,0.261818182,0.225225225,0.181818182,6.854563564,2,-5.299170498,,NaN,101,0.367272727
621566, Matt,Olson,274,0.931972789,217,74.68550522,0.50729927,0.304147465,0.240875912,0.207373272,0.164233577,7.088681934,2,1.70028016,,NaN,96,0.350364964
696100, Hunter,Goodman,200,0.892857143,157,74.6811381,0.47,0.261146497,0.205,0.133757962,0.105,6.8786024,2,-5.392967833,,NaN,58,0.29
621439, Byron,Buxton,225,0.925925926,174,74.59033173,0.448888889,0.350574713,0.271111111,0.17816092,0.137777778,7.627718667,3,0.403776785,,NaN,84,0.373333333
680776, Jarren,Duran,201,0.901345291,149,74.58258562,0.452736318,0.281879195,0.208955224,0.194630872,0.144278607,7.046811542,4,-0.795405689,,NaN,69,0.343283582
606466, Ketel,Marte,191,0.896713615,174,74.51719304,0.460732984,0.350574713,0.319371728,0.229885057,0.209424084,7.368098534,1,1.963106551,,NaN,101,0.528795812
682829, Elly,De La Cruz,153,0.916167665,128,74.46334052,0.444444444,0.3828125,0.320261438,0.2578125,0.215686275,6.533242614,1,5.471470981,,NaN,71,0.464052288
691785, Marcelo,Mayer,130,0.884353741,113,74.42726492,0.476923077,0.274336283,0.238461538,0.10619469,0.092307692,7.413345462,0,-2.117707058,,NaN,62,0.476923077
671739, Michael,Harris II,190,0.904761905,158,74.41364326,0.442105263,0.303797468,0.252631579,0.208860759,0.173684211,7.579391579,3,-0.970082916,,NaN,71,0.373684211
669127, Shea,Langeliers,179,0.87745098,149,74.33954665,0.407821229,0.32885906,0.273743017,0.161073826,0.134078212,6.736525363,0,5.728463145,,NaN,69,0.38547486
671056, Iván,Herrera,224,0.896,197,74.33185036,0.5,0.294416244,0.258928571,0.152284264,0.133928571,7.457510491,2,-3.856454585,,NaN,98,0.4375
657757, Gavin,Sheets,188,0.899521531,164,74.30124075,0.45212766,0.335365854,0.292553191,0.134146341,0.117021277,7.323017766,4,-3.207215392,,NaN,81,0.430851064
686527, Dominic,Canzone,119,0.894736842,99,74.2484279,0.411764706,0.434343434,0.361344538,0.292929293,0.243697479,6.877645462,3,2.939067213,,NaN,58,0.487394958
694212, Samuel,Basallo,130,0.855263158,102,74.17271,0.4,0.382352941,0.3,0.235294118,0.184615385,6.988990077,3,-1.221426804,,NaN,54,0.415384615
547180, Bryce,Harper,207,0.907894737,167,74.14860314,0.458937198,0.251497006,0.202898551,0.125748503,0.101449275,6.816209855,1,0.504593207,,NaN,70,0.338164251
695600, Carter,Jensen,180,0.904522613,131,74.10794839,0.394444444,0.282442748,0.205555556,0.122137405,0.088888889,6.676356444,5,-6.130360394,,NaN,55,0.305555556
683002, Gunnar,Henderson,242,0.889705882,199,74.09465471,0.404958678,0.301507538,0.247933884,0.155778894,0.128099174,6.925921983,1,-5.863562829,,NaN,91,0.376033058
641857, Ryan,McMahon,153,0.932926829,125,74.06568562,0.437908497,0.272,0.222222222,0.192,0.156862745,7.001455882,5,-2.191043492,,NaN,56,0.366013072
592518, Manny,Machado,259,0.925,203,74.02961506,0.397683398,0.334975369,0.262548263,0.18226601,0.142857143,7.433987259,5,-8.220797394,,NaN,96,0.370656371
683357, Owen,Caissie,137,0.925675676,102,74.01635146,0.445255474,0.294117647,0.218978102,0.137254902,0.102189781,6.459055109,3,-2.847039953,,NaN,38,0.277372263
667670, Brent,Rooker,134,0.905405405,104,73.97125545,0.410447761,0.307692308,0.23880597,0.230769231,0.179104478,6.596460448,0,-0.727415652,,NaN,56,0.417910448
672960, Kazuma,Okamoto,245,0.931558935,186,73.96820339,0.416326531,0.392473118,0.297959184,0.215053763,0.163265306,7.646103429,7,2.035505277,,NaN,96,0.391836735
666160, Mickey,Moniak,105,0.921052632,86,73.86077581,0.380952381,0.337209302,0.276190476,0.11627907,0.095238095,7.239087429,3,4.937032457,,NaN,45,0.428571429
572233, Christian,Walker,273,0.951219512,220,73.83613579,0.377289377,0.322727273,0.26007326,0.172727273,0.139194139,6.949881832,2,-2.548069369,,NaN,106,0.388278388
668709, JJ,Bleday,116,0.920634921,102,73.78742957,0.379310345,0.31372549,0.275862069,0.156862745,0.137931034,6.911005259,1,1.665378433,,NaN,49,0.422413793
691016, Tyler,Soderstrom,206,0.915555556,179,73.6757067,0.339805825,0.324022346,0.281553398,0.184357542,0.160194175,6.965722476,2,-7.032387544,,NaN,96,0.466019417
701538, Jackson,Merrill,249,0.895683453,190,73.53268932,0.333333333,0.294736842,0.224899598,0.136842105,0.104417671,7.250604016,3,-6.139823418,,NaN,75,0.301204819
691781, Brady,House,152,0.88372093,107,73.49942704,0.296052632,0.271028037,0.190789474,0.158878505,0.111842105,7.173125461,2,-3.574925998,,NaN,49,0.322368421
665862, Jazz,Chisholm Jr.,183,0.92893401,140,73.46384967,0.316939891,0.328571429,0.25136612,0.157142857,0.120218579,7.66233377,1,-5.376773143,,NaN,67,0.366120219
673548, Seiya,Suzuki,196,0.946859903,157,73.43509816,0.357142857,0.324840764,0.260204082,0.191082803,0.153061224,6.884513878,1,1.167612156,,NaN,74,0.37755102
686555, Isaac,Collins,188,0.917073171,158,73.42450197,0.319148936,0.35443038,0.29787234,0.164556962,0.138297872,6.478157287,1,-8.961511121,,NaN,91,0.484042553
664040, Brandon,Lowe,202,0.930875576,148,73.40549951,0.341584158,0.310810811,0.227722772,0.155405405,0.113861386,6.465514703,6,3.157718217,,NaN,67,0.331683168
542303, Marcell,Ozuna,163,0.871657754,136,73.31373614,0.343558282,0.389705882,0.325153374,0.161764706,0.134969325,6.981790613,1,-6.617326172,,NaN,82,0.503067485
671732, Lawrence,Butler,164,0.926553672,118,73.30428274,0.298780488,0.271186441,0.195121951,0.144067797,0.103658537,6.64451689,1,-10.19655479,,NaN,48,0.292682927
669357, Nolan,Gorman,190,0.940594059,129,73.28455374,0.326315789,0.286821705,0.194736842,0.15503876,0.105263158,7.095778211,3,-2.7219543,,NaN,53,0.278947368
665750, Leody,Taveras,155,0.956790123,117,73.23183071,0.335483871,0.316239316,0.238709677,0.11965812,0.090322581,7.131936645,0,-6.422160871,,NaN,63,0.406451613
669236, Jeremiah,Jackson,135,0.944055944,117,73.06434926,0.303703704,0.333333333,0.288888889,0.162393162,0.140740741,7.179151407,3,-0.177954543,,NaN,51,0.377777778
679529, Spencer,Torkelson,215,0.922746781,176,73.05997409,0.265116279,0.301136364,0.246511628,0.147727273,0.120930233,7.40709293,0,-4.401536106,,NaN,77,0.358139535
677951, Bobby,Witt Jr.,228,0.901185771,185,73.03099031,0.324561404,0.345945946,0.280701754,0.167567568,0.135964912,6.528109167,1,-6.69908388,,NaN,81,0.355263158
677800, Wilyer,Abreu,261,0.9,207,73.01850521,0.260536398,0.280193237,0.222222222,0.111111111,0.088122605,6.691074559,3,-8.602875941,,NaN,86,0.329501916
802139, JJ,Wetherholt,253,0.926739927,199,73.0133136,0.268774704,0.361809045,0.28458498,0.140703518,0.110671937,7.459085534,3,-5.177161286,,NaN,101,0.399209486
543807, George,Springer,204,0.953271028,164,72.97576652,0.323529412,0.262195122,0.210784314,0.109756098,0.088235294,7.093509804,2,-11.33743759,,NaN,71,0.348039216
681624, Andy,Pages,297,0.931034483,239,72.9505537,0.279461279,0.334728033,0.269360269,0.167364017,0.134680135,7.259825455,3,-9.074560179,,NaN,111,0.373737374
661388, William,Contreras,211,0.929515419,183,72.93731374,0.3507109,0.426229508,0.369668246,0.191256831,0.165876777,6.849562607,0,-8.736059207,,NaN,112,0.530805687
650489, Willi,Castro,232,0.913385827,166,72.9299997,0.25862069,0.228915663,0.163793103,0.114457831,0.081896552,6.967416121,0,-4.03674116,,NaN,63,0.271551724
642715, Willy,Adames,279,0.95221843,226,72.91784072,0.279569892,0.331858407,0.268817204,0.123893805,0.100358423,7.885867706,2,-1.451565855,,NaN,115,0.41218638
662139, Daulton,Varsho,194,0.898148148,155,72.87114381,0.278350515,0.270967742,0.216494845,0.129032258,0.103092784,7.215505979,2,-5.31456616,,NaN,64,0.329896907
682928, CJ,Abrams,208,0.892703863,158,72.85970034,0.283653846,0.335443038,0.254807692,0.158227848,0.120192308,7.242659712,4,1.779802477,,NaN,75,0.360576923
671277, Luis,García Jr.,162,0.931034483,145,72.85540006,0.271604938,0.365517241,0.327160494,0.2,0.179012346,7.016345309,0,-2.716117384,,NaN,76,0.469135802
665742, Juan,Soto,170,0.939226519,146,72.84344412,0.288235294,0.424657534,0.364705882,0.219178082,0.188235294,6.949933588,7,4.448330787,,NaN,83,0.488235294
650490, Yandy,Díaz,233,0.935742972,203,72.82056777,0.287553648,0.295566502,0.25751073,0.172413793,0.150214592,7.330471416,1,-0.814035766,,NaN,97,0.416309013
668901, Mark,Vientos,171,0.93442623,137,72.74985661,0.233918129,0.313868613,0.251461988,0.175182482,0.140350877,7.079161287,0,-5.357699099,,NaN,66,0.385964912
656555, Rhys,Hoskins,186,0.953846154,140,72.74493312,0.247311828,0.292857143,0.220430108,0.128571429,0.096774194,7.978591022,2,-8.898543618,,NaN,59,0.317204301
677649, Ezequiel,Duran,191,0.90521327,140,72.7208545,0.293193717,0.292857143,0.214659686,0.121428571,0.089005236,6.729960838,3,-5.535208296,,NaN,65,0.340314136
678554, Curtis,Mead,156,0.896551724,138,72.6652025,0.288461538,0.260869565,0.230769231,0.123188406,0.108974359,6.749336987,1,-3.85539318,,NaN,60,0.384615385
668804, Bryan,Reynolds,198,0.929577465,164,72.32037889,0.247474747,0.359756098,0.297979798,0.18902439,0.156565657,6.471355556,5,7.760233908,,NaN,79,0.398989899
676475, Alec,Burleson,205,0.919282511,166,72.24568244,0.219512195,0.379518072,0.307317073,0.21686747,0.175609756,7.121544341,1,5.417050843,,NaN,92,0.448780488
700250, Ben,Rice,173,0.955801105,143,72.21269197,0.208092486,0.391608392,0.323699422,0.251748252,0.208092486,7.044933526,0,11.63572969,,NaN,71,0.410404624
672640, Otto,Lopez,180,0.913705584,170,72.18174861,0.244444444,0.435294118,0.411111111,0.247058824,0.233333333,6.383409167,0,3.379962748,,NaN,94,0.522222222
660821, Jesús,Sánchez,168,0.870466321,131,72.16938905,0.303571429,0.251908397,0.196428571,0.106870229,0.083333333,6.39542881,1,-5.724553477,,NaN,53,0.31547619
701398, Sal,Stewart,237,0.908045977,174,72.15308084,0.227848101,0.344827586,0.253164557,0.166666667,0.122362869,7.201587806,7,-0.34151669,,NaN,87,0.367088608
571448, Nolan,Arenado,198,0.925233645,175,72.1227797,0.207070707,0.297142857,0.262626263,0.085714286,0.075757576,8.219680101,6,-5.452235605,,NaN,82,0.414141414
677942, Blaze,Alexander,188,0.878504673,144,72.07478271,0.212765957,0.340277778,0.260638298,0.138888889,0.106382979,7.202511489,5,-4.556637379,,NaN,63,0.335106383
693307, Dillon,Dingler,224,0.892430279,196,72.06777241,0.174107143,0.326530612,0.285714286,0.173469388,0.151785714,7.310425982,4,-5.405737896,,NaN,92,0.410714286
672580, Maikel,Garcia,226,0.92244898,210,72.01035093,0.207964602,0.371428571,0.345132743,0.166666667,0.154867257,6.850091858,4,-5.559372205,,NaN,120,0.530973451
521692, Salvador,Perez,240,0.9375,195,72.00603029,0.2,0.276923077,0.225,0.148717949,0.120833333,7.324938,3,-3.032572477,,NaN,80,0.333333333
553993, Eugenio,Suárez,163,0.910614525,121,71.95047276,0.159509202,0.280991736,0.208588957,0.082644628,0.061349693,7.405949264,4,-10.13928812,,NaN,64,0.392638037
657656, Ramón,Laureano,176,0.884422111,140,71.94887688,0.221590909,0.278571429,0.221590909,0.135714286,0.107954545,6.669094091,4,-3.832740021,,NaN,57,0.323863636
669016, Brandon,Marsh,206,0.891774892,179,71.92053796,0.189320388,0.363128492,0.315533981,0.162011173,0.140776699,6.767149029,0,4.44491129,,NaN,90,0.436893204
593428, Xander,Bogaerts,202,0.918181818,169,71.91446753,0.237623762,0.384615385,0.321782178,0.159763314,0.133663366,7.147774307,3,-0.409055076,,NaN,95,0.47029703
682177, Daniel,Schneemann,160,0.930232558,124,71.83173881,0.16875,0.314516129,0.24375,0.129032258,0.1,6.691673313,2,-2.949352863,,NaN,52,0.325
664023, Ian,Happ,211,0.909482759,162,71.8052118,0.194312796,0.290123457,0.222748815,0.148148148,0.113744076,6.517664692,1,-1.126725219,,NaN,66,0.312796209
606192, Teoscar,Hernández,158,0.913294798,126,71.74947405,0.17721519,0.349206349,0.278481013,0.166666667,0.132911392,7.392574304,1,-2.272076166,,NaN,62,0.392405063
502671, Paul,Goldschmidt,139,0.920529801,121,71.73342468,0.179856115,0.314049587,0.273381295,0.148760331,0.129496403,7.338371295,0,5.126100591,,NaN,61,0.438848921
800050, Chase,DeLauter,211,0.933628319,181,71.72786976,0.184834123,0.342541436,0.293838863,0.154696133,0.132701422,6.929763081,4,-4.945278606,,NaN,93,0.440758294
702284, Cole,Young,282,0.930693069,237,71.69070397,0.216312057,0.371308017,0.312056738,0.11814346,0.09929078,6.70513195,2,-10.54084093,,NaN,129,0.457446809
592626, Joc,Pederson,147,0.930379747,110,71.68525585,0.183673469,0.372727273,0.278911565,0.218181818,0.163265306,7.152871633,1,-0.974070883,,NaN,57,0.387755102
668939, Adley,Rutschman,166,0.943181818,149,71.61025651,0.162650602,0.369127517,0.331325301,0.161073826,0.144578313,6.636702048,0,0.031951553,,NaN,75,0.451807229
672724, Oswald,Peraza,181,0.896039604,142,71.60893403,0.193370166,0.274647887,0.215469613,0.14084507,0.110497238,7.10725,2,-2.988608578,,NaN,68,0.375690608
805808, Kevin,McGonigle,241,0.926923077,222,71.60383066,0.186721992,0.400900901,0.369294606,0.130630631,0.12033195,6.644725726,2,-0.140574621,,NaN,123,0.510373444
663656, Kyle,Tucker,221,0.909465021,187,71.57657104,0.226244344,0.368983957,0.312217195,0.144385027,0.122171946,6.961358462,0,-5.170182751,,NaN,88,0.398190045
690993, Colt,Keith,142,0.898734177,127,71.52164521,0.190140845,0.433070866,0.387323944,0.173228346,0.154929577,6.462902042,2,-6.704526526,,NaN,71,0.5
680574, Matt,McLain,209,0.893162393,167,71.50666584,0.119617225,0.329341317,0.263157895,0.125748503,0.100478469,6.590966986,5,-7.659762365,,NaN,77,0.368421053
605137, Josh,Bell,233,0.932,182,71.47677519,0.188841202,0.313186813,0.244635193,0.10989011,0.08583691,7.415723691,0,-9.279253294,,NaN,76,0.326180258
665019, Kody,Clemens,191,0.922705314,146,71.44413665,0.083769634,0.438356164,0.335078534,0.164383562,0.12565445,6.743231885,1,-3.992811584,,NaN,79,0.413612565
608369, Corey,Seager,171,0.93442623,121,71.40108205,0.087719298,0.314049587,0.222222222,0.140495868,0.099415205,6.319780117,4,-8.815731371,,NaN,51,0.298245614
663616, Trevor,Larnach,133,0.852564103,118,71.38419113,0.172932331,0.372881356,0.330827068,0.13559322,0.120300752,6.726092556,3,0.116191471,,NaN,69,0.518796992
607208, Trea,Turner,252,0.916363636,213,71.38237726,0.194444444,0.352112676,0.297619048,0.117370892,0.099206349,7.24150369,3,-9.914920504,,NaN,107,0.424603175
678662, Ezequiel,Tovar,240,0.872727273,182,71.37165579,0.1625,0.258241758,0.195833333,0.076923077,0.058333333,7.037627292,2,-14.62269137,,NaN,64,0.266666667
646240, Rafael,Devers,319,0.908831909,215,71.34980138,0.159874608,0.293023256,0.197492163,0.16744186,0.112852665,7.28212185,4,-5.714066822,,NaN,80,0.250783699
669477, Casey,Schmitt,229,0.90513834,194,71.34321245,0.19650655,0.360824742,0.305676856,0.149484536,0.126637555,7.104095066,2,-6.336965485,,NaN,103,0.449781659
607043, Brandon,Nimmo,227,0.876447876,182,71.32960167,0.18061674,0.362637363,0.290748899,0.153846154,0.123348018,6.637178678,2,-4.432796858,,NaN,87,0.383259912
664983, Jake,McCarthy,179,0.932291667,153,71.2838138,0.12849162,0.333333333,0.284916201,0.098039216,0.083798883,6.812256257,1,0.088038896,,NaN,84,0.469273743
621020, Dansby,Swanson,208,0.958525346,156,71.24896231,0.072115385,0.384615385,0.288461538,0.153846154,0.115384615,7.185965288,2,-2.254179034,,NaN,80,0.384615385
545121, Ildemaro,Vargas,145,0.895061728,132,71.17498876,0.15862069,0.416666667,0.379310345,0.143939394,0.131034483,7.02606869,0,-1.14011118,,NaN,86,0.593103448
672515, Gabriel,Moreno,159,0.908571429,140,71.16212453,0.245283019,0.321428571,0.283018868,0.128571429,0.113207547,6.638688868,1,-0.134908483,,NaN,64,0.402515723
663886, Tyler,Stephenson,157,0.945783133,120,71.04841299,0.095541401,0.358333333,0.27388535,0.158333333,0.121019108,7.142106561,2,-1.356268486,,NaN,59,0.375796178
666397, Edouard,Julien,137,0.913333333,124,70.96081146,0.116788321,0.330645161,0.299270073,0.153225806,0.138686131,6.573552701,1,-5.47646468,,NaN,53,0.386861314
693304, Nick,Gonzales,238,0.92248062,189,70.95973298,0.147058824,0.312169312,0.24789916,0.105820106,0.084033613,7.125366513,1,-6.219377417,,NaN,91,0.382352941
666969, Adolis,García,200,0.877192982,153,70.91731055,0.205,0.359477124,0.275,0.163398693,0.125,7.33445065,3,-9.316080131,,NaN,71,0.355
573262, Mike,Yastrzemski,169,0.903743316,133,70.86979077,0.053254438,0.390977444,0.307692308,0.127819549,0.100591716,7.100095266,3,-7.200635971,,NaN,69,0.408284024
609280, Miguel,Andujar,166,0.922222222,152,70.81596482,0.144578313,0.296052632,0.271084337,0.092105263,0.084337349,7.138226265,2,-6.080356502,,NaN,73,0.439759036
656811, Ryan,O'Hearn,188,0.944723618,166,70.79648468,0.106382979,0.421686747,0.372340426,0.162650602,0.143617021,6.653027606,1,6.272315367,,NaN,91,0.484042553
641487, J.P.,Crawford,174,0.878787879,152,70.78186305,0.126436782,0.355263158,0.310344828,0.098684211,0.086206897,6.988568046,0,-4.665178573,,NaN,80,0.459770115
656775, Cedric,Mullins,223,0.929166667,181,70.77478345,0.080717489,0.359116022,0.291479821,0.110497238,0.089686099,7.153859013,0,-10.96255962,,NaN,84,0.376681614
668227, Randy,Arozarena,213,0.8875,154,70.70220765,0.201877934,0.324675325,0.234741784,0.175324675,0.126760563,6.863746479,3,-7.546638854,,NaN,72,0.338028169
695734, Daylen,Lile,244,0.910447761,189,70.66949316,0.06557377,0.301587302,0.233606557,0.132275132,0.102459016,7.067055697,1,-5.928807139,,NaN,87,0.356557377
682657, Angel,Martínez,155,0.895953757,134,70.58363226,0.116129032,0.276119403,0.238709677,0.104477612,0.090322581,6.693659548,2,-9.008540176,,NaN,51,0.329032258
687263, Zach,Neto,247,0.898181818,202,70.57405,0.093117409,0.311881188,0.255060729,0.094059406,0.076923077,6.664322146,6,1.772288216,,NaN,78,0.315789474
701807, Carson,Benge,245,0.897435897,195,70.55331567,0.134693878,0.282051282,0.224489796,0.107692308,0.085714286,6.134150694,5,-5.947490847,,NaN,79,0.32244898
681393, Connor,Norby,194,0.910798122,155,70.54174325,0.056701031,0.264516129,0.211340206,0.064516129,0.051546392,6.589758918,8,-5.71188599,,NaN,67,0.345360825
668715, Spencer,Steer,216,0.907563025,167,70.53456671,0.050925926,0.305389222,0.236111111,0.149700599,0.115740741,7.007470602,2,-8.081680966,,NaN,83,0.384259259
805300, Jakob,Marsee,228,0.957983193,200,70.45531746,0.061403509,0.31,0.271929825,0.1,0.087719298,6.422088553,2,-10.41724131,,NaN,96,0.421052632
671218, Heliot,Ramos,178,0.908163265,133,70.44473281,0.08988764,0.278195489,0.207865169,0.120300752,0.08988764,6.396117584,1,-3.896923162,,NaN,54,0.303370787
673962, Josh,Jung,207,0.936651584,179,70.42545705,0.072463768,0.374301676,0.323671498,0.122905028,0.106280193,6.705932126,1,-5.647664069,,NaN,95,0.458937198
608070, José,Ramírez,202,0.930875576,174,70.38449812,0.103960396,0.304597701,0.262376238,0.126436782,0.108910891,6.939220545,0,-5.896480649,,NaN,74,0.366336634
691026, Masyn,Winn,208,0.912280702,173,70.34075914,0.096153846,0.36416185,0.302884615,0.144508671,0.120192308,6.95212851,2,-10.65131557,,NaN,89,0.427884615
664761, Alec,Bohm,215,0.895833333,181,70.33627981,0.074418605,0.430939227,0.362790698,0.160220994,0.134883721,6.938846605,1,-13.04477799,,NaN,103,0.479069767
571970, Max,Muncy,145,0.90625,119,70.29270952,0.062068966,0.369747899,0.303448276,0.226890756,0.186206897,6.37909669,1,5.55942299,,NaN,59,0.406896552
694497, Evan,Carter,149,0.903030303,126,70.22906141,0.161073826,0.325396825,0.275167785,0.103174603,0.087248322,6.724791208,2,-9.400004151,,NaN,58,0.389261745
514888, Jose,Altuve,146,0.929936306,117,70.22819527,0.130136986,0.435897436,0.349315068,0.145299145,0.116438356,7.401917603,2,-2.483805487,,NaN,70,0.479452055
596115, Trevor,Story,142,0.871165644,106,70.22343641,0.105633803,0.311320755,0.232394366,0.132075472,0.098591549,6.832712746,1,-2.641341638,,NaN,42,0.295774648
608348, Carson,Kelly,144,0.86746988,131,70.18083604,0.048611111,0.419847328,0.381944444,0.160305344,0.145833333,6.475391458,0,-1.090383669,,NaN,73,0.506944444
663837, Matt,Vierling,167,0.927777778,138,70.13822299,0.05988024,0.31884058,0.263473054,0.152173913,0.125748503,7.010791856,0,-10.88988393,,NaN,62,0.371257485
669257, Will,Smith,174,0.935483871,152,70.12592362,0.074712644,0.394736842,0.344827586,0.190789474,0.166666667,7.000164943,2,-2.182977434,,NaN,73,0.41954023
647304, Josh,Naylor,201,0.930555556,186,70.09299304,0.044776119,0.397849462,0.368159204,0.129032258,0.119402985,7.090382985,1,-6.317961667,,NaN,112,0.55721393
691720, Kyle,Karros,188,0.917073171,171,70.08379771,0.058510638,0.333333333,0.303191489,0.122807018,0.111702128,6.62806,3,-0.823711335,,NaN,73,0.388297872
807712, Luke,Keaschall,167,0.897849462,147,70.00339683,0.107784431,0.31292517,0.275449102,0.088435374,0.077844311,6.403704671,4,-7.812340021,,NaN,80,0.479041916
686469, Vinnie,Pasquantino,220,0.873015873,205,69.9780295,0.077272727,0.356097561,0.331818182,0.126829268,0.118181818,6.821515182,1,-5.626868552,,NaN,104,0.472727273
686797, Brooks,Lee,184,0.897560976,148,69.96395641,0.070652174,0.398648649,0.320652174,0.128378378,0.10326087,6.53269,3,-0.592095412,,NaN,77,0.418478261
518692, Freddie,Freeman,290,0.897832817,236,69.94998486,0.068965517,0.305084746,0.248275862,0.131355932,0.106896552,6.388612069,3,0.006598996,,NaN,99,0.34137931
803011, Sam,Antonacci,164,0.901098901,144,69.90813982,0.067073171,0.368055556,0.323170732,0.131944444,0.115853659,6.527774817,4,-5.294811313,,NaN,71,0.432926829
681082, Bryson,Stott,198,0.938388626,165,69.88636551,0.060606061,0.357575758,0.297979798,0.109090909,0.090909091,6.975795758,3,-10.63228186,,NaN,81,0.409090909
650859, Luis,Rengifo,116,0.859259259,101,69.77122879,0.077586207,0.435643564,0.379310345,0.118811881,0.103448276,6.792373362,0,-7.164721673,,NaN,55,0.474137931
645277, Ozzie,Albies,234,0.947368421,197,69.76439603,0.051282051,0.345177665,0.290598291,0.111675127,0.094017094,6.902269829,4,-6.445820021,,NaN,90,0.384615385
663757, Trent,Grisham,182,0.923857868,164,69.64365302,0.038461538,0.5,0.450549451,0.225609756,0.203296703,6.945117582,0,-8.899531095,,NaN,98,0.538461538
677587, Brayan,Rocchio,215,0.903361345,181,69.57340921,0.041860465,0.325966851,0.274418605,0.110497238,0.093023256,6.936854279,1,-4.365888931,,NaN,84,0.390697674
696285, Jacob,Young,172,0.89119171,154,69.5293482,0.046511628,0.441558442,0.395348837,0.149350649,0.13372093,6.77054686,2,2.156963302,,NaN,93,0.540697674
678882, Ceddanne,Rafaela,230,0.877862595,188,69.51652496,0.065217391,0.29787234,0.243478261,0.079787234,0.065217391,6.930288783,2,-4.449343072,,NaN,90,0.391304348
700932, Kyle,Manzardo,177,0.907692308,137,69.48042633,0.06779661,0.321167883,0.248587571,0.131386861,0.101694915,6.946623898,2,-1.107157074,,NaN,55,0.310734463
643217, Andrew,Benintendi,169,0.908602151,132,69.45824444,0.029585799,0.386363636,0.301775148,0.136363636,0.106508876,6.761351006,4,2.561263042,,NaN,63,0.372781065
666018, Jonathan,Aranda,261,0.884745763,208,69.45627648,0.091954023,0.331730769,0.264367816,0.110576923,0.088122605,6.806538506,5,-3.790635229,,NaN,84,0.32183908
543760, Marcus,Semien,230,0.958333333,199,69.38931222,0.034782609,0.371859296,0.32173913,0.115577889,0.1,7.519335217,7,-7.029663587,,NaN,101,0.439130435
608324, Alex,Bregman,247,0.914814815,233,69.37496806,0.012145749,0.416309013,0.392712551,0.107296137,0.101214575,6.611957085,0,-6.95508435,,NaN,129,0.522267206
681198, TJ,Rumfield,210,0.905172414,189,69.36015314,0.119047619,0.291005291,0.261904762,0.08994709,0.080952381,6.180170381,0,-2.748462213,,NaN,85,0.404761905
671976, Tristan,Peters,162,0.91011236,124,69.26599765,0.024691358,0.322580645,0.24691358,0.120967742,0.092592593,6.451249198,0,-5.308547702,,NaN,61,0.37654321
643289, Mauricio,Dubón,248,0.932330827,208,69.23864367,0.024193548,0.254807692,0.213709677,0.067307692,0.056451613,7.262356935,0,-10.30410066,,NaN,86,0.346774194
668930, Brice,Turang,242,0.896296296,202,69.18821376,0.041322314,0.272277228,0.227272727,0.128712871,0.107438017,6.440110496,1,-2.814751878,,NaN,67,0.276859504
641355, Cody,Bellinger,219,0.9125,188,69.04733096,0.00913242,0.420212766,0.360730594,0.106382979,0.091324201,7.484319954,0,-3.904047916,,NaN,103,0.470319635
666182, Bo,Bichette,268,0.861736334,241,69.01908008,0.111940299,0.31120332,0.279850746,0.12033195,0.108208955,6.572482351,0,-9.692698654,,NaN,98,0.365671642
702332, Caleb,Durbin,163,0.905555556,155,68.99538945,0.042944785,0.419354839,0.398773006,0.096774194,0.09202454,6.496516871,1,-11.30427611,,NaN,96,0.588957055
687462, Spencer,Horwitz,186,0.902912621,164,68.78483441,0.048387097,0.353658537,0.311827957,0.091463415,0.080645161,6.675485108,1,-5.508392199,,NaN,90,0.483870968
701675, Nathan,Church,158,0.854054054,121,68.77173291,0.025316456,0.223140496,0.170886076,0.082644628,0.063291139,6.534120886,0,-7.35199988,,NaN,38,0.240506329
676609, José,Caballero,189,0.931034483,145,68.74396688,0.058201058,0.282758621,0.216931217,0.075862069,0.058201058,6.456578201,3,-4.177152196,,NaN,64,0.338624339
668885, Austin,Martin,195,0.946601942,176,68.5853038,0.025641026,0.414772727,0.374358974,0.068181818,0.061538462,6.358751179,1,-11.76656456,,NaN,95,0.487179487
669364, Xavier,Edwards,218,0.893442623,200,68.49987716,0.027522936,0.445,0.408256881,0.095,0.087155963,6.281939174,0,1.715744402,,NaN,114,0.52293578
687859, Troy,Johnston,164,0.83248731,123,68.47916189,0,0.365853659,0.274390244,0.113821138,0.085365854,6.144813598,3,-4.519760424,,NaN,62,0.37804878
642086, Dominic,Smith,132,0.910344828,124,68.4658872,0.045454545,0.387096774,0.363636364,0.088709677,0.083333333,6.547388409,1,-0.856861268,,NaN,64,0.484848485
663538, Nico,Hoerner,257,0.937956204,247,68.32484537,0.011673152,0.388663968,0.373540856,0.08097166,0.077821012,6.956730817,1,-15.32663493,,NaN,147,0.571984436
808982, Jung Hoo,Lee,204,0.902654867,185,68.31875956,0.029411765,0.437837838,0.397058824,0.091891892,0.083333333,7.523388873,0,2.60447008,,NaN,112,0.549019608
676391, Ernie,Clement,207,0.945205479,190,68.28030329,0.033816425,0.415789474,0.381642512,0.068421053,0.062801932,6.819618841,2,2.03953993,,NaN,109,0.526570048
670623, Isaac,Paredes,217,0.864541833,198,68.21026069,0.087557604,0.353535354,0.322580645,0.090909091,0.082949309,7.662090783,3,-1.737009146,,NaN,91,0.419354839
686217, Sal,Frelick,185,0.925,169,68.14085043,0.027027027,0.402366864,0.367567568,0.130177515,0.118918919,6.868217297,1,-9.718618409,,NaN,99,0.535135135
683083, Nasim,Nuñez,223,0.944915254,179,67.98602879,0.022421525,0.245810056,0.197309417,0.05027933,0.040358744,6.405332287,2,-13.03411517,,NaN,68,0.304932735
643446, Jeff,McNeil,210,0.925110132,185,67.88356576,0.023809524,0.340540541,0.3,0.048648649,0.042857143,6.818208048,1,-11.8846385,,NaN,85,0.404761905
702222, Justin,Crawford,203,0.894273128,166,67.87978931,0,0.265060241,0.216748768,0.096385542,0.078817734,6.565839507,1,-5.593265445,,NaN,60,0.295566502
621493, Taylor,Ward,216,0.931034483,186,67.7891994,0.023148148,0.387096774,0.333333333,0.112903226,0.097222222,6.51713588,5,-2.359603396,,NaN,89,0.412037037
689414, Liam,Hicks,178,0.885572139,175,67.7139427,0.028089888,0.434285714,0.426966292,0.12,0.117977528,6.446420393,1,-6.215497539,,NaN,109,0.612359551
694384, Nolan,Schanuel,168,0.908108108,151,67.38313423,0.06547619,0.370860927,0.333333333,0.099337748,0.089285714,6.380693155,1,-1.90496882,,NaN,73,0.43452381
683737, Michael,Busch,231,0.905882353,197,67.30796143,0.025974026,0.431472081,0.367965368,0.162436548,0.138528139,6.613627143,3,-4.142664272,,NaN,110,0.476190476
665926, Andrés,Giménez,208,0.881355932,158,67.18335005,0.024038462,0.32278481,0.245192308,0.056962025,0.043269231,6.68332601,4,-8.416715101,,NaN,67,0.322115385
805367, Chase,Meidroth,231,0.935222672,203,66.85732429,0.012987013,0.369458128,0.324675325,0.073891626,0.064935065,6.344030433,0,-1.534551674,,NaN,94,0.406926407
672695, Geraldo,Perdomo,195,0.870535714,173,66.45623128,0,0.427745665,0.379487179,0.115606936,0.102564103,6.681727385,2,-6.058466088,,NaN,94,0.482051282
663968, Jake,Mangum,139,0.891025641,109,66.09938324,0.021582734,0.201834862,0.158273381,0.04587156,0.035971223,6.192190072,2,-3.548410658,,NaN,32,0.230215827
802415, Chandler,Simpson,200,0.921658986,192,64.42917275,0.005,0.5,0.48,0.026041667,0.025,6.14520195,1,-8.229153663,,NaN,118,0.59
805779, Jacob,Wilson,163,0.885869565,141,64.07629712,0,0.340425532,0.294478528,0.063829787,0.055214724,5.760789141,2,-4.988006385,,NaN,65,0.398773006
650333, Luis,Arraez,293,0.885196375,269,62.81956478,0,0.464684015,0.42662116,0.011152416,0.010238908,5.60941802,0,-2.947099889,,NaN,146,0.498293515
680757, Steven,Kwan,176,0.907216495,172,62.16401898,0.005681818,0.48255814,0.471590909,0.005813953,0.005681818,5.992199716,2,-9.76667663,,NaN,97,0.551136364
