First_Name,Last_Name,ID,Team_Name,Pitch_Type,Pitch_Name,Run_Value_per_100,Run_Value,Pitches,Pitch_Usage,PA,BA,SLG,wOBA,Whiff_Percent,K_Percent,Put_Away_Percent,xBA,xSLG,xwOBA,Hard_Hit_Percent
 Jacob,Wilson,805779,ATH,SI,Sinker,-1,-5,520,30,168,0.289,0.39,0.325,4,5.4,11.4,0.249,0.313,0.266,34.4
 Brent,Rooker,667670,ATH,SI,Sinker,-0.8,-4,498,19.3,166,0.292,0.396,0.334,10.7,9.6,19,0.313,0.439,0.35,40.6
 Julio,Rodríguez,677594,SEA,SI,Sinker,1.6,7,443,17.7,161,0.368,0.526,0.414,10.8,8.7,18.7,0.327,0.458,0.36,48.6
 Carlos,Correa,621043,HOU,SI,Sinker,-1.2,-6,521,22.5,159,0.277,0.385,0.318,12.3,13.8,18,0.29,0.434,0.336,49.6
 Nico,Hoerner,663538,CHC,SI,Sinker,-1,-5,483,21,155,0.301,0.343,0.331,2.7,5.2,9.5,0.317,0.399,0.342,38.5
 Pete,Alonso,624413,NYM,SI,Sinker,1.9,11,595,21.2,154,0.36,0.574,0.431,14.6,9.7,12.8,0.328,0.591,0.421,45.1
 Junior,Caminero,691406,TB,SI,Sinker,0.4,2,559,22.4,152,0.293,0.529,0.391,13.8,13.8,23.1,0.27,0.48,0.348,58.8
 Yandy,Díaz,650490,TB,SI,Sinker,0.4,3,624,24.8,150,0.318,0.47,0.389,14.8,8.7,11.9,0.3,0.472,0.376,48.8
 Vladimir,Guerrero Jr.,665489,TOR,SI,Sinker,3.1,16,509,20.3,149,0.365,0.532,0.461,10.1,8.1,16.4,0.293,0.427,0.37,57
 Fernando,Tatis Jr.,665487,SD,SI,Sinker,2.5,13,509,19.3,148,0.358,0.512,0.445,12.6,10.1,17.2,0.316,0.468,0.395,46.8
 Ke'Bryan,Hayes,663647,CIN,SI,Sinker,-2.7,-12,454,21.1,142,0.23,0.252,0.272,4.1,10.6,22.1,0.275,0.371,0.3,50.8
 Spencer,Torkelson,679529,DET,SI,Sinker,0.6,3,521,19.8,142,0.267,0.458,0.365,12.3,15.5,20.8,0.27,0.496,0.379,42.4
 Heliot,Ramos,671218,SF,SI,Sinker,1.8,9,475,17.9,141,0.371,0.509,0.441,10.1,7.1,12.2,0.302,0.47,0.395,41.1
 Christian,Walker,572233,HOU,SI,Sinker,0.2,1,425,16.9,140,0.32,0.461,0.376,15.4,13.6,23.2,0.321,0.514,0.385,52.3
 Maikel,Garcia,672580,KC,SI,Sinker,0.5,3,498,19.8,139,0.32,0.472,0.391,7.2,8.6,12.5,0.299,0.433,0.354,56.6
 Randy,Arozarena,668227,SEA,SI,Sinker,0.7,4,541,18.8,137,0.304,0.438,0.4,22.8,13.9,20.4,0.256,0.414,0.362,49.5
 Marcell,Ozuna,542303,ATL,SI,Sinker,0.6,3,512,19.4,135,0.327,0.464,0.405,13.3,20.7,22,0.281,0.431,0.376,50.6
 Juan,Soto,665742,NYM,SI,Sinker,0.7,4,599,20.2,135,0.245,0.427,0.381,15.4,15.6,18.3,0.258,0.493,0.383,43.3
 Jonathan,India,663697,KC,SI,Sinker,-1.5,-8,499,21.2,135,0.204,0.23,0.277,13.5,12.6,16.5,0.239,0.344,0.323,38.5
 Agustín,Ramírez,682663,MIA,SI,Sinker,-1.5,-6,403,19,132,0.218,0.345,0.302,10.6,9.8,19.4,0.267,0.379,0.316,44.9
 Steven,Kwan,680757,CLE,SI,Sinker,0.8,4,459,16.5,131,0.339,0.443,0.382,3.3,8.4,10.7,0.285,0.356,0.325,22.6
 TJ,Friedl,670770,CIN,SI,Sinker,-0.2,-1,433,16.4,131,0.3,0.382,0.374,5.3,4.6,9.2,0.255,0.324,0.314,30.8
 Trea,Turner,607208,PHI,SI,Sinker,1.1,5,423,17.6,130,0.347,0.483,0.418,14.4,10,18.3,0.286,0.417,0.344,52.4
 Otto,Lopez,672640,MIA,SI,Sinker,0.3,1,422,19.8,127,0.295,0.375,0.378,4.6,3.9,7.2,0.301,0.489,0.38,49.5
 Wyatt,Langford,694671,TEX,SI,Sinker,0.4,2,422,18.1,126,0.259,0.426,0.36,11.4,19.8,25.3,0.282,0.489,0.375,60.7
 Bo,Bichette,666182,TOR,SI,Sinker,1,5,438,19,125,0.328,0.487,0.388,9.5,9.6,13.5,0.322,0.455,0.351,49.1
 Cam,Smith,701358,HOU,SI,Sinker,-0.3,-1,351,17.3,124,0.321,0.339,0.359,17.5,15.3,21.8,0.273,0.355,0.324,45.6
 Matt,McLain,680574,CIN,SI,Sinker,-1.2,-5,437,18.5,124,0.23,0.33,0.331,15.2,16.1,24.1,0.259,0.419,0.364,46.3
 Seiya,Suzuki,673548,CHC,SI,Sinker,0.2,1,442,16.2,123,0.286,0.536,0.394,10.9,13.8,17.2,0.321,0.663,0.438,58.9
 Matt,Olson,621566,ATL,SI,Sinker,1.3,6,463,14.6,123,0.327,0.519,0.41,21.2,14.6,15.9,0.315,0.542,0.411,56.3
 Rafael,Devers,646240,SF,SI,Sinker,-0.3,-1,420,13.7,123,0.218,0.347,0.319,17.3,19.5,23.3,0.24,0.404,0.351,51.3
 Luis,Arraez,650333,SD,SI,Sinker,-3.1,-14,454,18.4,123,0.162,0.18,0.192,4.2,0.8,1,0.27,0.333,0.287,16.5
 Manny,Machado,592518,SD,SI,Sinker,1,4,443,16.7,123,0.391,0.504,0.42,14.8,12.2,17,0.334,0.468,0.37,61
 Mookie,Betts,605141,LAD,SI,Sinker,-0.5,-2,437,17.8,122,0.287,0.444,0.353,4.5,6.6,9.4,0.309,0.46,0.371,47.5
 Andy,Pages,681624,LAD,SI,Sinker,-0.9,-4,458,19.4,121,0.243,0.369,0.312,16.2,17.4,16.5,0.247,0.385,0.3,43.5
 Michael,Harris II,671739,ATL,SI,Sinker,-3.7,-17,453,20.9,120,0.223,0.259,0.242,14.3,7.5,12.3,0.267,0.362,0.301,49.5
 Caleb,Durbin,702332,MIL,SI,Sinker,0.8,3,373,20.3,120,0.303,0.444,0.392,6.8,5.8,13.7,0.262,0.351,0.336,30.9
 Taylor,Ward,621493,LAA,SI,Sinker,0.5,2,443,15.9,120,0.258,0.536,0.405,11,20,26.1,0.266,0.477,0.384,44.6
 Tyler,Freeman,671289,COL,SI,Sinker,0.5,2,374,22.7,120,0.308,0.404,0.368,4.5,3.3,5.6,0.303,0.4,0.354,40.6
 Dansby,Swanson,621020,CHC,SI,Sinker,1,4,422,16.8,119,0.299,0.523,0.401,19.8,14.3,20.5,0.324,0.597,0.421,51.1
 Xander,Bogaerts,593428,SD,SI,Sinker,-2,-9,469,22.3,119,0.257,0.303,0.278,11,12.6,22.1,0.276,0.355,0.307,35.4
 Sal,Frelick,686217,MIL,SI,Sinker,-0.2,-1,374,16.2,118,0.305,0.371,0.344,6.6,11,15.1,0.252,0.307,0.289,27.7
 William,Contreras,661388,MIL,SI,Sinker,0.2,1,423,16.5,117,0.333,0.461,0.381,12.8,9.4,17.7,0.303,0.454,0.364,55.3
 Spencer,Steer,668715,CIN,SI,Sinker,-1.4,-6,448,19.4,116,0.225,0.314,0.296,16.8,11.2,13.7,0.253,0.376,0.321,31.5
 George,Springer,543807,TOR,SI,Sinker,2.8,12,408,17.7,116,0.371,0.546,0.455,14.4,6.9,10.3,0.374,0.661,0.481,52.8
 Willy,Adames,642715,SF,SI,Sinker,1,5,495,17.7,116,0.258,0.409,0.371,17.9,13.8,16.8,0.255,0.414,0.362,30.8
 Aaron,Judge,592450,NYY,SI,Sinker,5.1,19,366,13.9,116,0.48,0.775,0.566,13.1,9.5,16.2,0.425,0.847,0.556,59.3
 Jose,Altuve,514888,HOU,SI,Sinker,-0.1,-1,482,20.8,116,0.29,0.43,0.361,12.8,11.2,14.3,0.279,0.424,0.348,33.7
 Zach,Neto,687263,LAA,SI,Sinker,0.8,4,471,21.7,116,0.317,0.485,0.397,16,12.1,17.3,0.333,0.517,0.405,43.2
 Alex,Bregman,608324,BOS,SI,Sinker,-0.2,-1,407,20.9,115,0.267,0.396,0.345,7.8,9.6,13.4,0.264,0.414,0.34,42.2
 Jo,Adell,666176,LAA,SI,Sinker,0.3,1,381,17.2,114,0.282,0.408,0.357,18.4,16.7,24.7,0.275,0.454,0.348,45.2
 Kyle,Schwarber,656941,PHI,SI,Sinker,2.4,11,462,15.1,114,0.33,0.648,0.464,17.8,13.2,16,0.338,0.709,0.494,66.2
 Joey,Ortiz,687401,MIL,SI,Sinker,-1.9,-8,400,21.4,114,0.221,0.24,0.254,9.4,11.4,15.7,0.235,0.277,0.259,40.9
 Andrew,McCutchen,457705,PIT,SI,Sinker,-0.8,-4,418,18.4,113,0.258,0.33,0.323,20.5,15.9,20,0.317,0.464,0.387,50.6
 Gleyber,Torres,650402,DET,SI,Sinker,0.1,1,390,14.7,113,0.271,0.5,0.383,9,10.6,14.5,0.288,0.537,0.401,53.6
 Isiah,Kiner-Falefa,643396,TOR,SI,Sinker,-2.1,-7,360,22.1,113,0.264,0.292,0.284,7.5,15,25.4,0.257,0.315,0.279,23.6
 Lars,Nootbaar,663457,STL,SI,Sinker,-0.9,-4,420,17.8,112,0.265,0.337,0.318,9.8,16.1,20.2,0.231,0.37,0.313,47.5
 Miguel,Vargas,678246,CWS,SI,Sinker,0.3,1,375,16.1,112,0.255,0.449,0.358,11.5,12.5,16.5,0.327,0.625,0.438,63.1
 Ty,France,664034,TOR,SI,Sinker,-0.3,-1,399,21.3,112,0.292,0.323,0.346,13.1,7.1,8.6,0.304,0.392,0.358,46.7
 Chase,Meidroth,805367,CWS,SI,Sinker,-0.5,-2,463,22.5,111,0.265,0.347,0.327,11.6,11.7,13.8,0.29,0.349,0.326,44.2
 Jackson,Holliday,702616,BAL,SI,Sinker,0,0,361,14.8,111,0.287,0.362,0.36,19.5,18.9,28.4,0.245,0.36,0.328,41.1
 Josh,Jung,673962,TEX,SI,Sinker,0.3,1,365,18.9,110,0.308,0.481,0.367,15.4,16.4,26.1,0.282,0.467,0.34,52.3
 Alejandro,Kirk,672386,TOR,SI,Sinker,-0.8,-3,398,20.1,110,0.293,0.424,0.344,10.1,7.3,10.4,0.283,0.449,0.346,58.7
 Jackson,Chourio,694192,MIL,SI,Sinker,-1.5,-6,387,18.4,110,0.267,0.356,0.307,15.5,9.1,14.3,0.298,0.486,0.351,51.1
 CJ,Abrams,682928,WSH,SI,Sinker,1.2,4,294,12.7,110,0.32,0.505,0.389,13.9,12.7,20.6,0.278,0.465,0.358,41.7
 J.P.,Crawford,641487,SEA,SI,Sinker,-1.6,-6,413,15.1,110,0.227,0.268,0.28,14,12.7,15.7,0.261,0.367,0.318,40.5
 Jeremy,Peña,665161,HOU,SI,Sinker,1.9,7,381,21.4,109,0.361,0.495,0.433,8.3,8.3,14.1,0.328,0.461,0.38,56.8
 Cody,Bellinger,641355,NYY,SI,Sinker,0.9,3,370,14.3,107,0.378,0.5,0.407,9.5,7.5,11.9,0.331,0.467,0.386,41.9
 Gunnar,Henderson,683002,BAL,SI,Sinker,-0.3,-1,394,15.7,106,0.307,0.352,0.372,11,8.5,11.5,0.282,0.38,0.35,46.3
 Byron,Buxton,621439,MIN,SI,Sinker,1.1,4,386,19,106,0.316,0.537,0.416,18.8,12.3,18.8,0.254,0.439,0.336,46.3
 Drake,Baldwin,686948,ATL,SI,Sinker,-0.7,-3,372,21.3,106,0.253,0.319,0.323,7.3,8.5,12.2,0.269,0.37,0.336,48.8
 Nick,Allen,669397,ATL,SI,Sinker,-2,-7,380,24,105,0.253,0.297,0.296,11,16.2,23.3,0.27,0.329,0.312,32.9
 Riley,Greene,682985,DET,SI,Sinker,-0.5,-2,431,15.9,105,0.274,0.411,0.336,16.1,15.2,13,0.253,0.408,0.316,40
 Isaac,Paredes,670623,HOU,SI,Sinker,1.3,5,403,20.8,105,0.303,0.494,0.399,7.7,20,22.6,0.247,0.387,0.332,53.6
 Ryan,Jeffers,680777,MIN,SI,Sinker,-0.4,-2,406,21.6,105,0.266,0.394,0.322,7.8,16.2,20,0.236,0.41,0.312,44.9
 J.T.,Realmuto,592663,PHI,SI,Sinker,-0.4,-2,359,16.3,105,0.289,0.454,0.341,11.2,10.5,19.3,0.314,0.535,0.385,50.6
 Tyler,Soderstrom,691016,ATH,SI,Sinker,0.3,1,368,16.5,105,0.309,0.457,0.366,15,16.2,20.5,0.278,0.399,0.331,55.1
 Eugenio,Suárez,553993,SEA,SI,Sinker,1,4,432,16.6,105,0.272,0.435,0.377,20.9,19,24.7,0.257,0.448,0.356,44.4
 Salvador,Perez,521692,KC,SI,Sinker,-0.3,-1,315,13.9,104,0.26,0.5,0.35,11.4,5.8,11.8,0.317,0.606,0.412,54.4
 James,Wood,695578,WSH,SI,Sinker,0.5,2,417,14.4,104,0.33,0.582,0.427,20.2,20.2,24.1,0.296,0.546,0.399,58.6
 Brendan,Donovan,680977,STL,SI,Sinker,-2.1,-8,374,19.4,104,0.178,0.289,0.253,10.3,17.3,19.1,0.216,0.338,0.296,40.5
 Xavier,Edwards,669364,MIA,SI,Sinker,0,0,346,15.4,104,0.347,0.378,0.345,2.9,8.7,13,0.27,0.333,0.285,34.4
 Corbin,Carroll,682998,AZ,SI,Sinker,-1.1,-4,371,14.9,104,0.209,0.36,0.314,17.1,20.2,24.1,0.223,0.337,0.313,42.4
 Paul,Goldschmidt,502671,NYY,SI,Sinker,-1.7,-6,340,16.3,103,0.25,0.417,0.315,17.1,15.5,21.3,0.262,0.477,0.333,45.7
 Ernie,Clement,676391,TOR,SI,Sinker,0.3,1,300,16,103,0.322,0.4,0.356,2.8,2.9,7.7,0.296,0.374,0.329,27.8
 Jordan,Beck,687597,COL,SI,Sinker,-0.3,-1,434,18.6,103,0.347,0.421,0.376,13.7,15.5,20.5,0.275,0.368,0.311,41.8
 Ozzie,Albies,645277,ATL,SI,Sinker,-0.2,-1,324,13.5,103,0.258,0.36,0.347,15.8,7.8,12.3,0.28,0.398,0.344,47.6
 Trent,Grisham,663757,NYY,SI,Sinker,0.2,1,395,16.5,103,0.247,0.365,0.367,12.8,15.5,18,0.326,0.554,0.431,49.3
 Ceddanne,Rafaela,678882,BOS,SI,Sinker,-2.4,-9,368,17.3,102,0.237,0.269,0.271,15.2,7.8,12.9,0.258,0.369,0.304,40.7
 Matt,Chapman,656305,SF,SI,Sinker,1.3,5,361,16.3,102,0.291,0.43,0.384,15.3,11.8,17.9,0.271,0.416,0.354,56
 Willson,Contreras,575929,STL,SI,Sinker,-0.3,-1,396,18.3,102,0.278,0.389,0.354,12.7,10.8,14.1,0.266,0.389,0.333,41.8
 Marcus,Semien,543760,TEX,SI,Sinker,0.1,0,400,19.3,102,0.282,0.365,0.355,12,10.8,14.7,0.298,0.431,0.371,44
 Josh,Naylor,647304,SEA,SI,Sinker,1.4,4,306,15.2,101,0.344,0.478,0.397,15.2,14.9,25.4,0.26,0.425,0.33,51.3
 Freddie,Freeman,518692,LAD,SI,Sinker,0.2,1,302,12.7,100,0.283,0.446,0.353,21.1,15,19.2,0.311,0.505,0.387,51.3
 Shea,Langeliers,669127,ATH,SI,Sinker,3.1,9,302,15.7,100,0.355,0.688,0.454,13.2,6,13.3,0.32,0.626,0.42,52.9
 Bobby,Witt Jr.,677951,KC,SI,Sinker,-0.6,-2,328,13.1,100,0.273,0.432,0.352,13.8,10,18.9,0.307,0.517,0.4,56.3
 Eric,Wagaman,676572,MIA,SI,Sinker,-0.5,-2,346,17.7,100,0.289,0.433,0.323,10.1,15,22.1,0.285,0.463,0.33,58.5
 Yainer,Diaz,673237,HOU,SI,Sinker,0.7,2,287,15.3,99,0.354,0.531,0.405,10.1,7.1,15.2,0.323,0.537,0.377,44.9
 Shohei,Ohtani,660271,LAD,SI,Sinker,2.8,11,398,13.9,99,0.333,0.69,0.471,21,21.2,26.9,0.288,0.677,0.447,54
 Tommy,Pham,502054,PIT,SI,Sinker,-0.4,-1,340,19.9,98,0.261,0.352,0.337,9.9,9.2,12.3,0.274,0.403,0.334,55.7
 Christian,Yelich,592885,MIL,SI,Sinker,0.3,1,388,14.9,98,0.259,0.388,0.348,18.8,17.3,17.9,0.255,0.38,0.329,45.6
 Geraldo,Perdomo,672695,AZ,SI,Sinker,1.6,6,359,11.9,98,0.354,0.561,0.443,8.7,13.3,14.1,0.264,0.431,0.362,53.6
 Nathaniel,Lowe,663993,BOS,SI,Sinker,-1.4,-6,392,15,97,0.253,0.319,0.307,15.1,15.5,14.9,0.232,0.288,0.256,40.8
 Trevor,Story,596115,BOS,SI,Sinker,0.5,2,345,14,97,0.348,0.494,0.389,14.6,10.3,18.2,0.327,0.501,0.381,60
 Lenyn,Sosa,672820,CWS,SI,Sinker,-0.1,0,342,16.6,97,0.315,0.478,0.371,13.4,9.3,15,0.307,0.507,0.365,50.6
 Iván,Herrera,671056,STL,SI,Sinker,1,4,350,19.3,96,0.345,0.452,0.407,14.3,12.5,15.8,0.321,0.436,0.376,40.3
 Alec,Bohm,664761,PHI,SI,Sinker,-1.9,-6,303,16.8,96,0.216,0.352,0.287,5.6,9.4,16.1,0.273,0.444,0.333,48.8
 Luis,Urías,649966,ATH,SI,Sinker,-0.9,-3,343,26.3,95,0.208,0.26,0.302,12.5,10.5,17.5,0.235,0.325,0.323,33.8
 Alec,Burleson,676475,STL,SI,Sinker,-0.9,-3,331,17.1,95,0.282,0.4,0.348,11.4,4.2,6.2,0.282,0.447,0.347,40.2
 Brenton,Doyle,686668,COL,SI,Sinker,-0.4,-1,313,16,94,0.299,0.391,0.346,11.2,8.5,17,0.266,0.398,0.312,42.5
 Teoscar,Hernández,606192,LAD,SI,Sinker,-1.2,-5,401,18.7,94,0.241,0.402,0.317,9.9,6.4,8.3,0.312,0.48,0.366,44.4
 Brice,Turang,668930,MIL,SI,Sinker,-0.2,-1,387,14,94,0.321,0.42,0.378,9.3,12.8,13.2,0.284,0.404,0.345,47.1
 Mark,Vientos,668901,NYM,SI,Sinker,-1,-3,325,18.4,94,0.238,0.357,0.306,16.6,10.6,18.2,0.288,0.419,0.347,53.3
 Jacob,Young,696285,WSH,SI,Sinker,0.3,1,276,20.2,92,0.358,0.444,0.394,5.6,9.8,17,0.294,0.367,0.326,41.3
 Ramón,Laureano,657656,SD,SI,Sinker,0.5,2,325,16.3,92,0.345,0.548,0.414,11.6,12,18,0.305,0.534,0.378,43.2
 Lawrence,Butler,671732,ATH,SI,Sinker,1.2,4,315,12.5,91,0.318,0.553,0.402,18.5,23.1,31.3,0.259,0.423,0.318,50
 Gabriel,Arias,672356,CLE,SI,Sinker,-1.1,-3,316,17.6,90,0.273,0.338,0.323,28.6,14.4,21.3,0.261,0.418,0.343,35.4
 Zach,McKinstry,656716,DET,SI,Sinker,1.1,3,276,13.6,90,0.289,0.474,0.386,14.3,12.2,18.3,0.255,0.334,0.327,28.8
 Chandler,Simpson,802415,TB,SI,Sinker,-2.2,-7,294,19.4,90,0.267,0.302,0.283,5.7,4.4,8.5,0.25,0.28,0.254,18.3
 Bryson,Stott,681082,PHI,SI,Sinker,-2.2,-8,355,14.4,89,0.213,0.24,0.259,10.7,6.7,8.7,0.242,0.364,0.309,26.4
 Logan,O'Hoppe,681351,LAA,SI,Sinker,-2,-6,309,17.6,89,0.28,0.366,0.316,19.4,19.1,27.9,0.261,0.372,0.306,46.2
 Nolan,Schanuel,694384,LAA,SI,Sinker,0.8,3,330,15.3,89,0.299,0.468,0.416,7.1,12.4,14.9,0.27,0.446,0.354,29.9
 Oneil,Cruz,665833,PIT,SI,Sinker,0.8,2,305,13.6,89,0.293,0.44,0.389,20.8,22.5,28.6,0.224,0.352,0.311,50
 Matt,Shaw,807713,CHC,SI,Sinker,-1.7,-6,358,20.8,89,0.213,0.267,0.31,12.8,12.4,16.9,0.268,0.347,0.327,26.2
 Nick,Kurtz,701762,ATH,SI,Sinker,2.5,8,327,16.7,89,0.367,0.646,0.472,27.2,22.5,33.3,0.292,0.541,0.392,49.2
 Nick,Castellanos,592206,PHI,SI,Sinker,0.4,1,269,12.4,88,0.317,0.463,0.37,10.5,9.1,14.8,0.333,0.498,0.376,34.7
 Luis,García Jr.,671277,WSH,SI,Sinker,-1.4,-4,279,15.2,88,0.25,0.425,0.302,12.4,9.1,16,0.263,0.433,0.316,49.3
 Mike,Trout,545361,LAA,SI,Sinker,0.2,1,314,12.7,88,0.276,0.474,0.372,8.1,19.3,27,0.303,0.524,0.398,52.5
 Brandon,Nimmo,607043,NYM,SI,Sinker,0.5,2,353,13.6,88,0.329,0.468,0.379,13.7,14.8,16,0.322,0.483,0.378,53.7
 Masyn,Winn,691026,STL,SI,Sinker,-0.2,-1,342,15.2,88,0.3,0.463,0.362,13.2,14.8,18.1,0.269,0.391,0.322,38.8
 Vinnie,Pasquantino,686469,KC,SI,Sinker,0.8,2,293,11.4,87,0.304,0.494,0.381,10.6,9.2,13.6,0.267,0.412,0.325,50
 Trevor,Larnach,663616,MIN,SI,Sinker,0.3,1,315,14.4,87,0.316,0.421,0.382,14.6,17.2,21.7,0.244,0.347,0.311,50
 Bryce,Harper,547180,PHI,SI,Sinker,-1.3,-4,283,13,87,0.254,0.338,0.35,14.5,10.3,15,0.284,0.41,0.373,51.6
 Francisco,Lindor,596019,NYM,SI,Sinker,1.4,4,302,10.3,87,0.359,0.538,0.412,16.2,11.5,18.5,0.353,0.585,0.424,49.3
 Nick,Gonzales,693304,PIT,SI,Sinker,-1.6,-4,278,19.8,86,0.272,0.395,0.312,13.6,7,13.3,0.256,0.342,0.284,46.7
 Jung Hoo,Lee,808982,SF,SI,Sinker,-0.4,-1,332,14.1,86,0.316,0.468,0.36,12,9.3,11,0.268,0.356,0.3,40.3
 Jake,Meyers,676694,HOU,SI,Sinker,-0.9,-2,257,19.2,86,0.341,0.402,0.349,8.4,14,31.6,0.277,0.386,0.303,50.7
 Jake,Burger,669394,TEX,SI,Sinker,-0.2,-1,251,19,85,0.269,0.462,0.355,10.9,11.8,20,0.316,0.546,0.394,55.9
 Adolis,García,666969,TEX,SI,Sinker,-1.1,-4,373,17.3,84,0.273,0.442,0.333,19.5,8.3,12.3,0.299,0.542,0.381,55.6
 Harrison,Bader,664056,PHI,SI,Sinker,3.1,9,297,15.3,84,0.442,0.623,0.494,4.5,3.6,5.8,0.341,0.537,0.402,45.9
 Lourdes,Gurriel Jr.,666971,AZ,SI,Sinker,0.5,2,294,14.7,84,0.304,0.506,0.37,5.1,1.2,1.8,0.354,0.573,0.409,46.8
 Pedro,Pagés,686780,STL,SI,Sinker,-0.6,-2,306,20.6,84,0.253,0.36,0.328,12.2,9.5,16.3,0.246,0.382,0.315,32.8
 Ryan,O'Hearn,656811,SD,SI,Sinker,1.4,4,282,13,84,0.368,0.456,0.426,11.3,10.7,12.2,0.335,0.427,0.402,39
 Andrew,Vaughn,683734,MIL,SI,Sinker,-2.1,-6,289,16.8,83,0.195,0.299,0.251,21.2,12,22.7,0.256,0.418,0.32,45.6
 Kyle,Tucker,663656,CHC,SI,Sinker,1.6,5,295,12.8,83,0.338,0.535,0.414,9.2,3.6,5.4,0.337,0.58,0.428,49.3
 Dillon,Dingler,693307,DET,SI,Sinker,1.2,4,309,17.2,83,0.36,0.573,0.433,13.4,14.5,18.5,0.328,0.557,0.407,45.3
 Kyle,Manzardo,700932,CLE,SI,Sinker,-1.1,-3,253,12.5,83,0.181,0.361,0.29,14.7,16.9,32.6,0.228,0.344,0.305,37.9
 Jake,Cronenworth,630105,SD,SI,Sinker,0.1,0,317,14.5,82,0.262,0.323,0.349,8.5,17.1,18.4,0.297,0.385,0.377,42.3
 Anthony,Volpe,683011,NYY,SI,Sinker,-0.4,-2,413,17.2,82,0.297,0.514,0.359,23.3,18.3,21.4,0.316,0.527,0.373,41.9
 Ben,Rice,700250,NYY,SI,Sinker,3.3,9,275,13.4,82,0.362,0.638,0.452,15.4,13.4,19,0.362,0.638,0.476,61.7
 José,Ramírez,608070,CLE,SI,Sinker,2,6,281,10.5,81,0.26,0.616,0.409,7.3,4.9,7.8,0.257,0.483,0.35,43.5
 Luis,Robert Jr.,673357,CWS,SI,Sinker,-1.1,-4,314,20.6,81,0.235,0.265,0.325,14.6,8.6,13.2,0.307,0.423,0.379,44.3
 Miguel,Andujar,609280,CIN,SI,Sinker,1,3,264,21.8,80,0.342,0.461,0.372,2.9,8.8,15.2,0.287,0.381,0.311,40.6
 Jazz,Chisholm Jr.,665862,NYY,SI,Sinker,0.6,2,288,13.5,80,0.264,0.583,0.403,15.7,22.5,28.1,0.275,0.537,0.371,43.6
 Hunter,Goodman,696100,COL,SI,Sinker,0.5,2,314,14.6,79,0.329,0.589,0.404,14.6,8.9,16.7,0.304,0.509,0.365,47.8
 Tyler,Stephenson,663886,CIN,SI,Sinker,2.4,7,281,20.3,79,0.353,0.603,0.44,12.7,21.5,25,0.299,0.524,0.393,57.7
 Victor,Scott II,687363,STL,SI,Sinker,-1,-3,269,15.8,79,0.226,0.242,0.306,16.7,16.5,22,0.268,0.329,0.337,26.4
 Brandon,Lowe,664040,TB,SI,Sinker,1,3,268,12.5,79,0.3,0.614,0.403,21.6,16.5,26,0.334,0.705,0.454,59.3
 Josh,Smith,669701,TEX,SI,Sinker,0.8,3,305,13.3,78,0.308,0.446,0.385,14.2,12.8,14.5,0.301,0.404,0.368,35.7
 Nolan,Arenado,571448,STL,SI,Sinker,-1.6,-5,297,18.7,78,0.243,0.324,0.266,4.8,5.1,8.2,0.298,0.412,0.32,47.9
 Cedric,Mullins,656775,NYM,SI,Sinker,-1,-3,314,14.9,78,0.215,0.369,0.31,13.8,21.8,21.8,0.236,0.383,0.329,34
 Ryan,McMahon,641857,NYY,SI,Sinker,-1.7,-5,307,12.3,76,0.235,0.324,0.291,16.9,18.4,23.7,0.276,0.413,0.339,57.4
 Michael,Conforto,624424,LAD,SI,Sinker,-2.3,-7,288,14.1,76,0.164,0.23,0.27,16.5,21.1,18.6,0.262,0.373,0.357,41.3
 Jordan,Walker,691023,STL,SI,Sinker,0.4,1,310,20.1,76,0.319,0.391,0.363,19.1,22.4,27,0.297,0.412,0.337,64.2
 Ronald,Acuña Jr.,660670,ATL,SI,Sinker,1.9,6,332,19.1,75,0.391,0.578,0.46,18.3,13.3,15.6,0.354,0.588,0.445,46.3
 Freddy,Fermin,666023,SD,SI,Sinker,0.1,0,245,17.9,75,0.297,0.359,0.34,15.4,9.3,13,0.284,0.416,0.35,39
 Will,Smith,669257,LAD,SI,Sinker,-1.2,-3,284,14.7,75,0.299,0.388,0.325,10.4,12,14.1,0.316,0.484,0.363,53.3
 Bryan,Reynolds,668804,PIT,SI,Sinker,1.2,4,300,11.4,74,0.29,0.484,0.399,21.3,21.6,19.5,0.286,0.499,0.393,59.6
 Austin,Hays,669720,CIN,SI,Sinker,1.8,5,265,17,74,0.352,0.62,0.449,15.9,8.1,12.2,0.31,0.554,0.382,30.8
 Ramón,Urías,602104,HOU,SI,Sinker,-0.7,-2,273,18.2,74,0.333,0.424,0.353,13.4,10.8,16.7,0.264,0.385,0.309,50
 Sean,Murphy,669221,ATL,SI,Sinker,0.7,2,283,20.9,73,0.3,0.45,0.409,19,13.7,16.4,0.259,0.44,0.37,32
 Carson,Kelly,608348,CHC,SI,Sinker,0.3,1,300,18,73,0.311,0.459,0.406,7.3,4.1,5.2,0.284,0.442,0.376,39.7
 Jonathan,Aranda,666018,TB,SI,Sinker,0.4,1,263,15.3,73,0.313,0.438,0.372,17.6,21.9,23.2,0.324,0.52,0.4,62.5
 Carlos,Narváez,665966,BOS,SI,Sinker,-1.5,-5,311,17,72,0.21,0.323,0.296,14.6,19.4,20.3,0.203,0.309,0.274,44
 Pete,Crow-Armstrong,691718,CHC,SI,Sinker,0.8,2,258,11.2,72,0.262,0.492,0.358,21.7,12.5,17,0.281,0.545,0.387,38.2
 Jarren,Duran,680776,BOS,SI,Sinker,-0.5,-1,290,11.1,72,0.27,0.429,0.349,19.8,13.9,17.5,0.272,0.443,0.355,43.4
 Dylan,Crews,686611,WSH,SI,Sinker,0.4,1,246,21.4,71,0.262,0.508,0.367,17.2,7,14.3,0.276,0.506,0.363,43.3
 Gavin,Sheets,657757,SD,SI,Sinker,-0.5,-1,274,12,69,0.311,0.426,0.355,10.2,8.7,12.2,0.318,0.49,0.386,53.6
 Ian,Happ,664023,CHC,SI,Sinker,4,10,254,9.3,69,0.365,0.769,0.53,9.7,8.7,11.1,0.349,0.655,0.492,54.3
 Jose,Iglesias,578428,SD,SI,Sinker,-1.3,-4,278,20.3,69,0.233,0.25,0.313,8.3,8.7,13.6,0.241,0.275,0.283,29.1
 Mike,Yastrzemski,573262,KC,SI,Sinker,-0.4,-1,265,11.5,68,0.218,0.418,0.364,17.4,22.1,19,0.223,0.393,0.345,52.5
 Austin,Riley,663586,ATL,SI,Sinker,1.3,4,285,15.9,66,0.361,0.607,0.424,20,16.7,18.3,0.295,0.563,0.397,52.9
 Jorge,Soler,624585,LAA,SI,Sinker,0.2,0,258,20,66,0.173,0.327,0.345,14.7,19.7,28.3,0.231,0.394,0.357,50
 Danny,Jansen,643376,MIL,SI,Sinker,-0.3,-1,251,18.6,66,0.259,0.431,0.345,14.7,16.7,24.4,0.271,0.409,0.341,42.6
 Corey,Seager,608369,TEX,SI,Sinker,0,0,246,14.7,65,0.309,0.364,0.359,14.2,16.9,19.6,0.279,0.418,0.36,56.8
 Josh,Bell,605137,WSH,SI,Sinker,-1.3,-4,272,12.9,65,0.228,0.316,0.293,16.8,13.8,15,0.234,0.378,0.314,43.8
 Michael,Busch,683737,CHC,SI,Sinker,-1.3,-4,287,12.3,65,0.196,0.321,0.307,15.1,15.4,12.3,0.238,0.433,0.343,30.4
 Alex,Call,669743,LAD,SI,Sinker,0.2,1,271,20.6,65,0.269,0.385,0.362,11.7,12.3,14,0.263,0.335,0.342,31.1
 Joey,Bart,663698,PIT,SI,Sinker,0.6,2,268,19.9,64,0.315,0.444,0.402,17,18.8,28.6,0.241,0.446,0.354,50
 Wilmer,Flores,527038,SF,SI,Sinker,0.2,1,275,14.3,63,0.328,0.466,0.387,8.4,6.3,5.9,0.289,0.445,0.343,37
 Gabriel,Moreno,672515,AZ,SI,Sinker,1.1,3,249,18.9,62,0.389,0.407,0.415,6.1,8.1,10.2,0.371,0.47,0.409,44.9
 Alek,Thomas,677950,AZ,SI,Sinker,-0.3,-1,249,14.8,61,0.327,0.418,0.368,24.8,24.6,29.4,0.259,0.315,0.275,41.9
 Carlos,Santana,467793,CHC,SI,Sinker,-0.6,-2,252,12.7,59,0.25,0.333,0.326,16.2,11.9,10.4,0.269,0.433,0.369,61.9
 Dane,Myers,667472,MIA,SI,Sinker,-1.9,-5,262,21.1,59,0.25,0.25,0.281,17.3,18.6,22.4,0.234,0.406,0.322,41.5
 Josh,Lowe,666139,TB,SI,Sinker,-1.5,-4,280,15.3,54,0.208,0.271,0.269,21.6,22.2,14.5,0.28,0.362,0.325,50
