id,first_name,last_name,side,avg_bat_speed,swing_tilt,attack_angle,attack_direction,ideal_attack_angle_rate,avg_intercept_y_vs_plate,avg_intercept_y_vs_batter,avg_batter_y_position,avg_batter_x_position,competitive_swings
691406, Junior,Caminero,R,79.94816908,24.0147407,7.884888888,-5.955538269,0.621621622,10.01566681,37.57115885,27.55549204,28.95675045,555
691023, Jordan,Walker,R,79.12943426,30.08939419,7.922862905,-4.776036808,0.549180328,4.583628956,31.2556052,26.67197625,32.14287486,610
665833, Oneil,Cruz,L,78.46190175,33.18559875,7.844961108,-6.558075658,0.434004474,6.588365296,34.62383563,28.03547033,26.57519064,447
701762, Nick,Kurtz,L,78.29432802,37.67743623,12.88157886,4.37619567,0.509090909,0.881141972,23.8115785,22.93043653,29.29022855,605
701358, Cam,Smith,R,77.28942661,33.26282919,10.98319438,-4.902554433,0.463373083,2.887112145,33.05094493,30.16383279,31.51033207,587
669003, Garrett,Mitchell,L,77.26928035,31.24198463,10.54863931,6.692093521,0.627314815,-1.036605683,28.55499666,29.59160235,29.04541278,432
666176, Jo,Adell,R,77.23219319,35.34911042,9.72081408,-5.172268901,0.475386779,1.201767042,26.84920128,25.64743424,27.04155312,711
695506, Jac,Caglianone,L,77.23166637,30.31738836,10.02636757,-1.549504168,0.437168142,7.117623564,29.37056856,22.252945,30.12922273,565
656941, Kyle,Schwarber,L,77.09793213,29.44366691,14.54358334,-9.869518442,0.682098765,15.32039785,35.44161928,20.12122144,25.11548879,648
575929, Willson,Contreras,R,76.86095569,33.4041493,11.09497769,-7.677839245,0.515806988,5.202541477,31.59516265,26.39262117,27.37458766,601
641343, Jake,Bauers,L,76.73413264,34.48270481,10.58219674,-1.140285302,0.491416309,-4.611196883,28.28352685,32.89472373,27.87467378,466
695578, James,Wood,L,76.64915034,39.04676972,11.55468546,0.995449204,0.437194127,4.026545894,34.91034984,30.88380395,27.54120228,613
677594, Julio,Rodríguez,R,76.54437607,31.22296629,8.389298336,-6.117560311,0.489296636,13.15745587,33.86811521,20.71065934,29.8364152,654
695657, Colson,Montgomery,L,76.25680779,33.87795258,12.91428581,-7.809013763,0.512,4.039364757,32.82301048,28.78364572,27.99096841,625
665489, Vladimir,Guerrero Jr.,R,76.18672501,28.21879598,1.276230354,-3.279975822,0.321880651,5.290220351,33.95956717,28.66934682,28.91711737,553
656305, Matt,Chapman,R,76.1503758,25.57586867,3.719126518,-1.772058894,0.430909091,-1.089482933,26.20540176,27.29488469,28.48229524,550
592450, Aaron,Judge,R,76.1009676,38.50639951,12.30992925,-5.28869753,0.511904762,3.92810106,29.21745881,25.28935775,33.86559739,420
670541, Yordan,Alvarez,L,76.07910058,36.5565125,7.790672135,-4.378004421,0.445544554,7.832785839,34.98896114,27.1561753,29.03912481,606
660670, Ronald,Acuña Jr.,R,76.00591351,37.9525738,11.37246666,4.702729288,0.537662338,0.717269516,31.66786789,30.95059837,25.23231242,385
663586, Austin,Riley,R,75.69914113,31.85883684,11.50291211,-4.98369295,0.47020934,6.527513911,35.58272607,29.05521216,28.73160584,621
665487, Fernando,Tatis Jr.,R,75.69551837,29.07646355,6.751387163,3.28238299,0.532513181,2.981566812,29.49238386,26.51081705,29.46296394,569
804606, Konnor,Griffin,R,75.64515913,32.71955352,9.543564098,-1.26054627,0.448275862,3.332808422,32.64181908,29.30901066,30.51037322,435
682985, Riley,Greene,L,75.62283084,44.22220495,15.14676034,-0.248568084,0.442338073,2.108786712,32.97214638,30.86335967,24.35193319,633
691723, Coby,Mayo,R,75.58827439,38.7433165,14.75428864,-16.78273588,0.49197861,11.09021571,36.57977586,25.48956014,25.4198785,374
682998, Corbin,Carroll,L,75.57104866,26.0861376,10.9724663,1.632055117,0.678819444,3.235075967,33.68690623,30.45183026,31.33482567,576
696100, Hunter,Goodman,R,75.32173116,24.22690143,14.61504089,-7.228763439,0.639934534,10.81692782,38.84043711,28.02350929,30.37354324,611
669127, Shea,Langeliers,R,75.29798647,31.20060038,11.83789927,-2.30921445,0.625678119,6.107838318,34.75315959,28.64532127,30.87941348,553
669394, Jake,Burger,R,75.25884803,25.54399853,9.194343012,-7.97067848,0.591695502,10.09108946,32.42743429,22.33634484,31.14211151,578
680776, Jarren,Duran,L,75.24750923,27.16160254,6.531042166,-3.031966061,0.463286713,6.297005255,34.62142894,28.32442369,29.72400734,572
670042, Luke,Raley,L,75.18011525,31.21808654,15.24992799,-3.737473114,0.589686099,3.416123752,32.73864601,29.32252226,28.36750585,446
808959, Munetaka,Murakami,L,75.17339257,35.40794004,18.84588761,-2.539445146,0.461346633,4.932546383,33.88605604,28.95350966,27.83927749,401
545361, Mike,Trout,R,75.08454917,35.39007252,7.628473153,-2.792389256,0.470954357,-1.127741622,26.45158206,27.57932368,24.50390976,482
621566, Matt,Olson,L,75.05655904,33.75270751,10.05422389,-2.114400977,0.528384279,5.661689643,36.19533392,30.53364428,29.98356865,687
686948, Drake,Baldwin,L,75.03542148,34.1387259,12.66551278,3.660577078,0.460606061,1.722108697,29.64479002,27.92268132,28.29762506,495
669065, Kyle,Stowers,L,74.96874117,32.87849783,14.66670108,-2.239151009,0.539235412,4.5407173,33.95539243,29.41467513,29.56380092,497
694192, Jackson,Chourio,R,74.91956307,27.32888564,9.325017699,3.070711818,0.667519182,4.220319986,29.67644047,25.45612049,31.60815172,391
683357, Owen,Caissie,L,74.89379,36.14948422,11.33311135,-2.093792073,0.369928401,4.657150965,33.34003126,28.6828803,28.5250166,419
682829, Elly,De La Cruz,R,74.8832113,34.44013703,8.288239953,1.11899254,0.492662474,7.69076506,36.64398503,28.95321997,28.77533311,477
624585, Jorge,Soler,R,74.87748171,33.95911172,11.92268456,-7.49216168,0.537037037,1.546355881,28.80591559,27.25955971,29.94209133,486
671739, Michael,Harris II,L,74.87386417,30.88475251,7.275364126,-2.141048676,0.455497382,1.649140632,31.36088573,29.7117451,28.39215957,573
691718, Pete,Crow-Armstrong,L,74.77622152,35.25693944,15.39686734,-4.927627289,0.472180451,6.226589663,37.66491392,31.43832426,25.73855741,665
624413, Pete,Alonso,R,74.77244735,33.70170847,10.49731706,1.392893136,0.554848967,4.0206526,28.19305078,24.17239818,26.96534568,629
683146, Brett,Baty,L,74.74921183,37.19272058,9.761155147,2.863342983,0.453667954,0.728560327,29.41709237,28.68853204,28.7263678,518
686527, Dominic,Canzone,L,74.74002751,31.52832499,13.47923839,-3.196834678,0.56284153,7.270824414,38.61833437,31.34750995,29.73465046,366
694212, Samuel,Basallo,L,74.73446031,33.3251796,11.46621074,-4.329584112,0.522821577,1.19703899,34.30196356,33.10492457,24.51909402,482
606466, Ketel,Marte,R,74.6836273,31.69211651,9.192217951,-7.954779128,0.587108014,7.044095794,37.13330884,30.08921305,21.71857681,574
592518, Manny,Machado,R,74.66646293,26.25573153,7.277030185,-1.685991071,0.547697368,3.043644644,30.7654125,27.72176785,31.06792761,608
660271, Shohei,Ohtani,L,74.66385971,37.6859754,13.53885989,0.033622127,0.526495726,-4.230141869,26.57866312,30.80880499,31.37815638,585
691785, Marcelo,Mayer,L,74.6254582,30.81154466,8.474398951,-6.98921011,0.418230563,4.033756846,31.7918521,27.75809525,26.06883669,373
663728, Cal,Raleigh,R,74.57059754,34.50794741,17.18621082,-6.154387031,0.455795678,3.984491576,33.84061402,29.85612244,24.79576431,509
663993, Nathaniel,Lowe,L,74.49988,29.61116529,8.258626923,4.095598662,0.56284153,0.701854078,28.19826954,27.49641547,29.42689143,366
691016, Tyler,Soderstrom,L,74.45873656,28.55392716,10.18135886,-2.458575008,0.528301887,1.578850928,29.35607419,27.77722326,30.93466068,477
683002, Gunnar,Henderson,L,74.41597886,31.49251723,10.67551649,-0.367335326,0.515492958,6.888435247,33.82644283,26.93800759,24.15644425,710
547180, Bryce,Harper,L,74.38361322,37.18086237,13.22713699,-2.562998591,0.476119403,9.0910558,33.37591044,24.28485464,29.47077101,670
668904, Royce,Lewis,R,74.33005456,26.28016496,11.06449841,-8.913797035,0.727748691,4.570042201,32.30378622,27.73374402,29.23807569,382
666160, Mickey,Moniak,L,74.31265369,33.53838191,14.25616935,-8.393643391,0.530503979,5.439008872,31.24836174,25.80935287,30.25805107,377
657757, Gavin,Sheets,L,74.25742947,28.49327687,7.764239274,-5.586062405,0.496788009,1.19834217,31.1567256,29.95838343,27.96771602,467
572233, Christian,Walker,R,74.24181925,28.59561902,7.626039394,-5.474802797,0.465437788,2.347621956,31.54611477,29.19849282,27.11891656,651
682626, Francisco,Alvarez,R,74.23846469,29.09973496,9.968904789,-0.486807783,0.586666667,1.204519155,27.15630472,25.95178556,28.60838771,375
621439, Byron,Buxton,R,74.1807253,34.6069686,14.32121292,-8.722212037,0.575438596,4.901671309,28.87246894,23.97079763,27.05745501,570
678246, Miguel,Vargas,R,74.17873699,34.55323978,12.3098339,-3.196388173,0.674418605,3.173771081,35.0688049,31.89503382,27.81358915,602
671056, Iván,Herrera,R,74.09532609,30.01086335,7.433529401,-4.49512598,0.45626072,3.184579122,34.17960212,30.995023,26.72226688,583
695600, Carter,Jensen,L,73.99938831,25.59369399,5.01847202,-5.940854718,0.471172962,11.13835434,37.73290627,26.59455193,26.87124294,503
668709, JJ,Bleday,L,73.95751444,32.60499667,12.28971787,-8.4646237,0.536585366,4.604352199,32.75919485,28.15484265,32.14502996,410
671732, Lawrence,Butler,L,73.92474065,31.51816547,5.780563216,4.014537154,0.397402597,0.355578883,26.58116782,26.22558893,30.99041433,385
660821, Jesús,Sánchez,L,73.8639524,28.6298363,7.298438306,2.535295644,0.5075,7.170154255,33.95006799,26.77991374,27.59274993,400
677800, Wilyer,Abreu,L,73.77723508,33.12065198,7.681575648,0.219979051,0.472809668,-1.82091014,27.97794886,29.798859,27.30905342,662
650490, Yandy,Díaz,R,73.76299011,23.58888596,1.848505795,7.510757515,0.300884956,0.472451057,28.67825819,28.20580713,30.10493813,565
677951, Bobby,Witt Jr.,R,73.72460192,27.99948978,5.055434113,-1.635016608,0.432098765,2.304212912,28.63568384,26.33147093,25.81503157,567
542303, Marcell,Ozuna,R,73.66577384,36.67770665,16.13209066,-7.132206757,0.480916031,-0.259976068,34.2656709,34.52564697,25.87406006,393
686555, Isaac,Collins,R,73.64135898,28.5823163,4.721960999,-6.164821626,0.381201044,3.759630532,32.66341431,28.90378378,28.51457734,383
664040, Brandon,Lowe,L,73.60946425,33.56210451,15.60271468,-2.486185371,0.505185185,7.369416377,34.58619374,27.21677737,25.08197381,675
671277, Luis,García Jr.,L,73.5141773,27.67422218,10.50354141,-2.880469581,0.646718147,4.788601219,33.96909361,29.18049239,27.47934419,518
701538, Jackson,Merrill,L,73.47671866,38.64311332,9.579621408,-0.587614558,0.461419753,3.249795115,29.59702398,26.34722886,28.56512205,648
668901, Mark,Vientos,R,73.32479927,31.78168783,13.13041667,0.14989412,0.608017817,2.47675321,29.64904022,27.17228701,27.5532176,449
661388, William,Contreras,R,73.27604301,26.88339511,8.463917529,0.606401986,0.591796875,2.826066403,31.2927294,28.466663,29.20858351,512
672960, Kazuma,Okamoto,R,73.16637866,30.60891307,15.08753735,-4.546742079,0.572593801,3.723870368,29.9224996,26.19862923,27.38583088,613
676475, Alec,Burleson,L,73.16327311,35.55686923,12.72841978,2.36847836,0.544701987,-0.823723928,31.24878746,32.07251139,22.05091276,604
592885, Christian,Yelich,L,73.13014461,36.2587678,11.71734419,7.288934781,0.45844504,-1.138378291,26.26981567,27.40819396,29.70141513,373
592663, J.T.,Realmuto,R,73.10600686,32.65582432,11.89571505,-0.582012483,0.52688172,-1.924390501,29.15885941,31.08324991,28.1459018,372
673548, Seiya,Suzuki,R,73.086795,32.08622819,8.755693078,-4.029219979,0.502008032,5.304901027,34.00189656,28.69699553,27.43035317,498
669357, Nolan,Gorman,L,73.06336783,32.33678487,17.16638273,-6.268287366,0.480952381,6.321438015,34.70429277,28.38285476,28.86060726,420
665862, Jazz,Chisholm Jr.,L,73.0407879,31.54930362,15.45805498,-8.396242041,0.60701107,1.746746229,32.52031256,30.77356633,26.0884599,542
679529, Spencer,Torkelson,R,73.01812834,38.04584522,15.53881008,-7.879453761,0.516637478,-0.171365469,30.95283188,31.12419735,28.76812676,571
669236, Jeremiah,Jackson,R,72.98873043,26.18177917,9.583327521,0.139517177,0.620596206,2.363291037,29.85977276,27.49648173,31.21016155,369
650489, Willi,Castro,R,72.98834554,37.04661169,9.016568021,-3.544277325,0.492831541,-0.470307896,30.58782383,31.05813172,24.41355786,558
681624, Andy,Pages,R,72.98369651,40.22045466,6.848062334,-2.781931417,0.457271364,-1.317933169,28.97869457,30.29662774,28.36115823,667
668804, Bryan,Reynolds,R,72.9510368,37.80469332,10.77569727,1.89542633,0.438003221,-0.315212373,25.88837953,26.20359191,27.50041251,621
662139, Daulton,Varsho,L,72.85974598,26.78658535,8.978949062,-0.834103965,0.553061224,-2.067856968,26.27878875,28.34664572,27.88060694,490
682928, CJ,Abrams,L,72.85498661,28.88831713,13.50443751,-6.488305145,0.619195046,4.289328624,32.45496979,28.16564116,29.5748641,646
665750, Leody,Taveras,R,72.79741869,33.2345209,7.800320386,-5.354019606,0.422018349,5.719313774,32.59533637,26.8760226,27.12085459,436
677649, Ezequiel,Duran,R,72.76419426,28.04082663,6.167575492,2.730209156,0.441634241,0.38414421,29.0603158,28.67617159,26.25610924,514
678554, Curtis,Mead,R,72.66480049,31.13260801,5.581860726,-4.919855207,0.476525822,-2.731492224,31.34991538,34.0814076,26.04199358,426
543807, George,Springer,R,72.62381384,33.69364681,9.55141363,0.042087033,0.55010661,-4.998018336,21.78236775,26.78038608,26.58888453,469
607043, Brandon,Nimmo,L,72.56429645,29.56569923,7.013335869,1.728115579,0.52284264,2.500484703,29.33795495,26.83747024,29.89535488,591
701398, Sal,Stewart,R,72.52726293,32.5193388,12.00993329,5.001877409,0.561208267,8.076566849,28.76648564,20.68991879,29.471813,629
802139, JJ,Wetherholt,L,72.46742561,32.02539936,11.72430053,4.442656642,0.635434412,-4.163869698,29.18465025,33.34851995,27.43946224,587
700250, Ben,Rice,L,72.45868123,33.35161598,12.338679,-5.161355572,0.546279492,-4.658471909,28.59884971,33.25732162,28.02729376,551
669477, Casey,Schmitt,R,72.41435955,33.23720376,9.806846311,-7.414235952,0.491638796,4.874107691,31.95422345,27.08011576,24.00672448,598
677942, Blaze,Alexander,R,72.40670463,36.64265366,8.762648868,5.793666626,0.495121951,-6.336357045,23.7673078,30.10366485,29.74275249,410
672724, Oswald,Peraza,R,72.31120896,28.32931399,6.296349771,-1.988681604,0.475161987,-0.487788592,28.94099429,29.42878288,28.78891226,463
606192, Teoscar,Hernández,R,72.2746905,33.83515772,11.36393008,0.591742749,0.529100529,-1.391870257,30.27487485,31.6667451,30.16888489,378
642715, Willy,Adames,R,72.25183784,33.73396417,15.33478991,-4.144916831,0.583473862,0.723786763,30.56674271,29.84295595,29.1464877,593
657041, Lane,Thomas,R,72.1801847,27.01776284,8.826969296,-2.969494272,0.589673913,3.781476866,28.04364281,24.26216595,29.02174785,368
593428, Xander,Bogaerts,R,72.16718629,32.09800175,11.44343534,-5.332666428,0.537558685,9.027719546,33.42825099,24.40053144,29.31509684,426
671218, Heliot,Ramos,R,72.13030804,33.6815356,7.565516454,4.638435559,0.480916031,-1.68657558,26.01855272,27.7051283,28.77509065,393
686681, Michael,Massey,L,72.10939893,33.24837726,15.76762634,-2.115165096,0.588235294,7.140322508,30.54110787,23.40078536,30.44880471,374
664023, Ian,Happ,R,72.10647547,33.59466593,11.6875154,-5.707473999,0.456168831,3.975023175,34.34513713,30.37011395,26.07796082,616
672640, Otto,Lopez,R,72.04900362,29.34165597,5.864742251,-3.441941963,0.480072464,5.154172331,32.7916637,27.63749137,27.78593571,552
664034, Ty,France,R,72.02246242,34.85178152,9.87917011,6.718280181,0.46969697,-3.12371305,26.44197911,29.56569216,26.92025415,396
665742, Juan,Soto,L,72.01918113,28.341298,12.66360573,1.307483033,0.64160401,1.371790411,25.04893688,23.67714647,28.74364165,399
672580, Maikel,Garcia,R,72.01419775,28.34092655,3.787709709,0.120756849,0.412658228,3.947707844,33.12023918,29.17253133,25.67019432,395
690993, Colt,Keith,L,71.99489409,31.32175348,9.926316086,-1.942013754,0.495912807,6.49795626,30.2501743,23.75221804,28.01958392,367
693307, Dillon,Dingler,R,71.97269597,40.6047653,13.59686231,-3.108947754,0.560209424,2.072662897,30.12443833,28.05177543,27.96214553,573
605137, Josh,Bell,R,71.96918755,33.86378337,9.256440568,-1.681037751,0.539808917,-2.917074051,26.53325074,29.45032479,27.92891876,628
678662, Ezequiel,Tovar,R,71.95528883,35.28768613,10.49676905,-2.008830783,0.48534202,1.438979195,29.93817578,28.49919659,24.20031668,614
592626, Joc,Pederson,L,71.95350572,28.27523283,9.438826659,-2.119747621,0.547511312,-1.655740369,28.77494566,30.43068603,23.48479215,442
681481, Kerry,Carpenter,L,71.90132032,35.51627643,18.15186888,-1.359008736,0.473684211,-4.40903883,27.47294241,31.88198124,30.34142836,380
665019, Kody,Clemens,L,71.85885338,28.84696229,11.39965222,-2.234834115,0.616412214,0.881312255,33.5282152,32.64690294,25.94083903,524
608369, Corey,Seager,L,71.83610745,33.31531409,15.25976709,2.092176534,0.594086022,7.020390213,33.35673291,26.33634269,28.7069267,372
663616, Trevor,Larnach,L,71.83329848,33.04788419,8.410900157,-15.12001222,0.4575,9.427227517,38.51689054,29.08966303,25.23781069,400
656555, Rhys,Hoskins,R,71.79977352,33.58117876,16.71007886,-6.128382533,0.539845758,2.180293474,32.82251339,30.64221991,28.45603023,389
521692, Salvador,Perez,R,71.77139651,34.58908399,11.10123842,-4.438377479,0.571428571,0.518759133,29.96873113,29.449972,27.31129087,651
702284, Cole,Young,L,71.7617555,28.22167128,6.239004784,-2.7350879,0.507614213,0.259385686,30.32418072,30.06479504,21.62791448,591
680574, Matt,McLain,R,71.72508495,30.67969996,10.91886548,0.167910099,0.575163399,7.25976341,31.01325804,23.75349463,26.84213648,459
666969, Adolis,García,R,71.70487772,29.08150258,9.678923723,-1.843082115,0.583143508,2.521707469,32.4616177,29.93991024,26.8476978,439
646240, Rafael,Devers,L,71.66188407,30.75535453,9.082043998,5.472119275,0.570579495,3.76866795,28.75404127,24.98537332,25.62097647,673
672515, Gabriel,Moreno,R,71.5850079,34.04986878,8.80481433,2.788009357,0.432911392,5.814592743,34.95333876,29.13874602,25.84266316,395
607208, Trea,Turner,R,71.55175422,25.73639031,9.135580741,-4.996454137,0.655688623,3.484796848,30.52880893,27.04401209,30.80323076,668
621020, Dansby,Swanson,R,71.51270188,34.5114233,15.28629817,-3.657078379,0.577651515,1.772867905,33.37468962,31.60182171,27.40525651,528
641487, J.P.,Crawford,L,71.51042419,33.91601618,7.205096544,-0.462032844,0.463800905,3.686192811,37.4735166,33.78732378,27.8250473,442
571970, Max,Muncy,L,71.4994574,33.37528736,16.05236861,-6.64815708,0.539915966,9.852314469,38.42873822,28.57642375,28.98941963,476
669016, Brandon,Marsh,L,71.49523774,37.51108402,9.663646685,-1.252589838,0.432612313,0.457470736,28.05191462,27.59444388,31.31574246,601
553993, Eugenio,Suárez,R,71.49212661,38.65154048,17.88618862,-4.672920977,0.465853659,15.65538541,34.03377362,18.37838821,24.13927655,410
502671, Paul,Goldschmidt,R,71.4355428,32.64533234,11.8762027,2.7024558,0.509569378,0.044987886,20.43719653,20.39220864,34.8180092,418
800050, Chase,DeLauter,L,71.42512696,28.46101419,3.90366476,0.975833571,0.433106576,2.966471745,29.14003377,26.17356202,29.24574376,441
571448, Nolan,Arenado,R,71.42225209,33.07900489,13.38098002,-11.62364695,0.5625,4.32892973,35.9680156,31.63908587,30.31577569,512
805808, Kevin,McGonigle,L,71.3352968,36.65842027,16.14172229,-0.806944733,0.506802721,7.266100677,36.20705523,28.94095455,27.98130031,588
663656, Kyle,Tucker,L,71.24992272,35.86087446,10.21668391,-6.578518951,0.452188006,-1.253669865,28.29831831,29.55198818,27.37097069,617
682177, Daniel,Schneemann,L,71.22383657,33.05700135,14.66315295,-1.252348579,0.557603687,3.910604287,35.60410953,31.69350524,24.17090366,434
608348, Carson,Kelly,R,71.16720292,33.27886588,10.44383749,-4.437729919,0.478378378,-0.405531484,30.09373055,30.49926204,29.54451432,370
701807, Carson,Benge,L,71.1569867,33.54619032,5.591056262,3.66057546,0.414089347,5.173482876,33.44275233,28.26926946,26.14162494,582
663886, Tyler,Stephenson,R,71.15288199,37.71227435,12.46975799,1.233765735,0.564032698,1.577133869,29.65028603,28.07315216,28.50794945,367
573262, Mike,Yastrzemski,L,71.15045596,31.09625539,10.32845085,-2.8731865,0.6167979,0.847369199,32.49480999,31.64744079,23.81868105,381
664983, Jake,McCarthy,L,71.1156915,32.71577443,9.270412425,-1.746628258,0.488789238,0.000659103,29.03397956,29.03332046,31.15355373,446
609280, Miguel,Andujar,R,71.10357382,25.73110856,7.236416743,-3.502039465,0.587341772,4.950646096,33.13348114,28.18283505,30.66259148,395
682657, Angel,Martínez,R,71.03301065,34.23667269,10.32767995,-7.045864397,0.489156627,4.745390787,36.84254023,32.09714944,24.74048019,415
668715, Spencer,Steer,R,71.02272552,28.8592378,13.26232419,-0.483671115,0.603024575,1.935551504,30.09574252,28.16019102,25.86271964,529
668227, Randy,Arozarena,R,70.94300372,26.60455037,7.686711655,4.090686262,0.58650519,6.023864122,28.98808608,22.96422196,23.75019207,578
687263, Zach,Neto,R,70.92768935,40.11515536,21.46633592,-8.293730748,0.368650218,21.69085009,38.69059353,16.99974345,20.77507631,689
668939, Adley,Rutschman,R,70.87413247,33.38322786,7.219680075,-3.113648369,0.442708333,-0.092902636,27.32067791,27.41358055,25.8590963,384
545121, Ildemaro,Vargas,R,70.86454528,22.56654308,5.700516238,-5.826548889,0.528117359,13.47425806,28.06621042,14.59195236,24.87318156,409
663837, Matt,Vierling,R,70.83639998,31.44921954,8.520241439,-0.97203006,0.57721519,-4.867977446,31.59867932,36.46665677,26.59300786,395
656811, Ryan,O'Hearn,L,70.82480634,31.96155569,11.83338118,-0.495804536,0.44894027,2.219211457,27.27203512,25.05282366,30.87247768,519
691026, Masyn,Winn,R,70.81093514,28.09405747,4.783111103,-0.639730655,0.396825397,-0.285700099,33.36025786,33.64595796,24.03887236,504
695734, Daylen,Lile,L,70.7896884,39.12719559,12.30953836,-0.953337269,0.540458015,-0.696695357,29.8031563,30.49985165,25.02769908,655
673962, Josh,Jung,R,70.63940349,36.52348961,12.35878152,0.174750509,0.570895522,10.13535492,31.49266768,21.35731276,25.29049407,536
664761, Alec,Bohm,R,70.62278033,29.48774117,4.95679748,4.28915995,0.468208092,0.320085268,25.62756962,25.30748435,29.50095081,519
693304, Nick,Gonzales,R,70.52710544,35.44829215,9.598005727,1.055148524,0.501689189,-5.105242532,27.32305742,32.42829995,26.50226793,592
656775, Cedric,Mullins,L,70.50024681,30.21648179,11.70906083,-4.208039802,0.610441767,-3.710627043,27.69468569,31.40531273,24.89433231,498
518692, Freddie,Freeman,L,70.49321997,42.47150104,7.436917923,2.211410014,0.427972028,-3.591942302,26.09376244,29.68570475,30.9733887,715
681393, Connor,Norby,R,70.48169294,39.85600636,18.13124537,3.982297185,0.375959079,3.537532374,30.44507924,26.90754687,25.98749246,391
805300, Jakob,Marsee,L,70.45712643,30.61260903,6.741112057,-5.909431148,0.482965932,4.124723423,34.63898933,30.51426591,27.14081694,499
691720, Kyle,Karros,R,70.43498706,37.73492285,7.521983645,-6.894927081,0.436525612,5.573466066,28.26047875,22.68701269,27.85071593,449
803011, Sam,Antonacci,L,70.29113794,38.90467097,9.814612834,7.180714076,0.513317191,0.672273823,31.14315183,30.470878,24.85330401,413
701675, Nathan,Church,L,70.24954427,31.49873306,6.716762704,-1.195435312,0.392694064,1.772840272,30.88247951,29.10963924,28.92730126,438
686469, Vinnie,Pasquantino,L,70.22943587,28.2871004,10.87429718,-11.25589951,0.597849462,3.962612226,33.0231438,29.06053158,31.37864209,465
686797, Brooks,Lee,R,70.22667236,30.67019397,11.0413383,-6.43792151,0.572390572,6.607318581,30.92312371,24.31580513,28.51174891,594
647304, Josh,Naylor,L,70.16529976,29.67662182,8.773612907,-7.489532807,0.460550459,-0.921623227,25.87567641,26.79729964,25.34603615,545
666182, Bo,Bichette,R,70.14094317,37.25887555,2.556059427,2.502014178,0.27518797,-1.80115794,25.99247416,27.7936321,24.95341262,665
608070, José,Ramírez,R,70.0794749,31.01689678,9.896994057,-9.376298595,0.594117647,2.461193431,32.92382764,30.4626342,22.52399615,510
668930, Brice,Turang,L,70.02346071,36.46488472,7.756885252,9.636077632,0.494809689,-1.016050323,30.88038013,31.89643045,24.8893142,578
666018, Jonathan,Aranda,L,69.99219561,34.76227844,8.257732271,4.891895861,0.513651877,-0.194591508,26.45893899,26.65353049,29.12282571,586
687859, Troy,Johnston,L,69.98907355,34.43823603,10.01567599,-0.636489145,0.435244161,0.21611499,33.67410407,33.45798908,26.29854315,471
678882, Ceddanne,Rafaela,R,69.96520667,32.10331669,9.611300024,-2.116862723,0.52,2.075394859,31.69953655,29.62414169,26.16682559,600
677587, Brayan,Rocchio,R,69.95848722,28.44745448,9.019953843,-6.127343335,0.502673797,6.05318924,32.6522594,26.59907016,23.21195868,561
681082, Bryson,Stott,L,69.9305128,31.17531002,10.21788356,-1.620514902,0.570866142,6.008954596,33.40729361,27.39833902,24.35711661,508
608324, Alex,Bregman,R,69.88446409,28.04455923,14.72391672,-6.126099198,0.653310105,3.496504768,33.22043288,29.72392811,24.42107129,574
700932, Kyle,Manzardo,L,69.85946494,37.85490791,17.48777988,0.506007629,0.520920502,11.38189419,34.59748331,23.21558912,31.50038411,478
643217, Andrew,Benintendi,L,69.85280562,31.47427848,17.58748091,-6.601417737,0.506224066,7.154340871,35.87444536,28.72010449,23.62753172,482
671976, Tristan,Peters,L,69.65651635,29.63592362,12.74696923,-3.210503083,0.567816092,6.156004583,31.25713858,25.101134,29.42011894,435
683953, Travis,Bazzana,L,69.62861648,33.01385663,10.57005983,-2.447828672,0.489417989,3.379587182,34.11129109,30.73170391,27.53803588,378
641355, Cody,Bellinger,L,69.50597096,33.95051187,14.08233308,-1.420018491,0.619964974,-3.499357405,29.79608032,33.29543772,21.61726188,571
696285, Jacob,Young,R,69.42357175,30.49217935,11.59347972,1.477889193,0.635443038,-2.596235774,27.84635347,30.44258924,31.1553542,395
807712, Luke,Keaschall,R,69.39966455,36.63094764,11.00831468,-4.592434259,0.520454545,8.127185869,33.34480327,25.2176174,27.32920197,440
645277, Ozzie,Albies,R,69.13486427,34.94742835,11.6239171,-4.581151638,0.582317073,3.323347742,37.556548,34.23320026,20.53754854,656
681198, TJ,Rumfield,L,69.04042206,36.20640895,10.09562769,-3.443275768,0.466783217,4.467818613,32.85040601,28.3825874,24.5007463,572
643289, Mauricio,Dubón,R,69.02492329,30.69144456,4.240105806,1.058012654,0.387650086,-3.775034708,27.54563144,31.32066615,27.56680118,583
687462, Spencer,Horwitz,L,69.01162268,34.87663942,9.31467714,-3.181643718,0.497584541,-1.758323807,30.71244701,32.47077082,24.59548315,414
702332, Caleb,Durbin,R,68.94128288,28.48604849,9.95351546,-2.940116908,0.628770302,-1.122866859,29.54835604,30.6712229,26.34984866,431
676609, José,Caballero,R,68.92230923,30.69616399,10.57804768,-0.209017053,0.528907923,15.3506663,32.98766945,17.63700316,23.7709558,467
702222, Justin,Crawford,L,68.77908992,29.2600184,3.30848977,11.15814231,0.391038697,-4.491236169,21.18165206,25.67288823,33.96561099,491
543760, Marcus,Semien,R,68.71953154,33.49808063,14.86006323,-3.16221938,0.599250936,2.073753492,29.65985099,27.58609749,23.09085307,534
656716, Zach,McKinstry,L,68.68010874,38.24631484,8.552666883,0.713665679,0.410958904,-0.991735948,28.08034246,29.07207841,25.56713958,365
514888, Jose,Altuve,R,68.58218719,28.08112858,14.05547416,-1.827075212,0.536643026,16.71992201,27.58652405,10.86660204,32.45361961,423
683083, Nasim,Nuñez,R,68.47442143,31.62141943,5.245955274,6.661555663,0.422360248,0.666522634,28.55702199,27.89049935,29.20693829,483
808982, Jung Hoo,Lee,L,68.44690602,38.80345498,4.524852553,-4.855964475,0.385858586,1.072781168,29.42187082,28.34908966,20.36944438,495
669364, Xavier,Edwards,R,68.43278674,29.21890463,6.235944486,-1.15021588,0.470149254,7.587710287,31.65441356,24.06670327,24.14350451,536
683737, Michael,Busch,L,68.38603789,34.3307235,16.1869538,-3.083274919,0.513986014,3.869756163,33.4445964,29.57484024,28.10788318,572
686217, Sal,Frelick,L,68.36569469,26.86442959,5.670029765,0.696211051,0.486910995,-7.753116622,24.40959592,32.16271254,28.15031994,382
663538, Nico,Hoerner,R,68.3163063,32.20285957,5.669297748,-1.610402124,0.474060823,-2.065184387,25.98775205,28.05293643,28.70674431,559
689414, Liam,Hicks,L,68.22798662,31.38465926,7.461467127,-5.703468335,0.517985612,1.829531567,30.52105397,28.6915224,23.98552592,417
643446, Jeff,McNeil,L,68.13561522,35.37218599,6.420258912,-1.548624588,0.361111111,-4.157078506,27.8474339,32.00451241,24.86387472,504
621493, Taylor,Ward,R,68.08335859,30.81651411,5.817295857,0.197805146,0.454011742,-0.986786825,31.29798743,32.28477426,26.25344226,511
665926, Andrés,Giménez,L,68.06648496,32.37256342,9.172708462,2.253130641,0.472332016,3.239710966,29.15654876,25.9168378,28.72124289,506
694384, Nolan,Schanuel,L,68.03966133,35.3537969,7.54538226,-3.519282165,0.502222222,4.192603495,33.65087588,29.45827238,24.23208537,450
670623, Isaac,Paredes,R,67.65078128,34.13199169,15.83030846,-13.28981505,0.524475524,5.402738164,36.10943661,30.70669844,24.5419389,572
676391, Ernie,Clement,R,67.62730663,29.59652838,12.15549851,-6.015026798,0.638418079,10.19373852,33.44849934,23.25476082,27.43274058,531
672695, Geraldo,Perdomo,R,66.92928876,37.66699603,9.022808815,-1.024482808,0.544747082,6.365249399,25.56096697,19.19571757,25.25263979,514
805367, Chase,Meidroth,R,66.81874351,30.98962226,10.45887992,4.372083568,0.575139147,-0.635041521,28.85098085,29.48602237,28.55104379,539
663968, Jake,Mangum,R,66.80895686,31.56216436,3.472867084,10.58497565,0.318706697,-8.789346278,20.54374626,29.33309254,29.21351327,433
802415, Chandler,Simpson,L,64.98068536,28.84583283,3.457777887,5.122513874,0.386416862,-4.811290506,20.25227181,25.06356232,31.10825742,427
650333, Luis,Arraez,L,63.28277153,37.14201071,9.253927756,2.640644632,0.539655172,-0.998142389,33.35911557,34.35725796,26.13137663,580
680757, Steven,Kwan,L,62.82508089,35.9361813,2.970026735,-2.322038633,0.339285714,0.21044636,29.71885545,29.50840909,22.99165265,392
